UserId,SurveyId,ANS_Q1,ANS_Q2,ANS_Q3,ANS_Q4
42,1,3.0,-1.0,,
296,1,5.0,-1.0,,
1793,1,-1.0,6.0,,
2411,1,-1.0,1.0,,
2634,1,3.0,-1.0,,
2957,1,-1.0,2.0,,
3714,1,7.0,-1.0,,
4682,1,-1.0,3.0,,
5178,1,-1.0,8.0,,
6131,1,9.0,-1.0,,
7347,1,9.0,-1.0,,
8245,1,1.0,-1.0,,
8412,1,-1.0,3.0,,
9272,1,5.0,-1.0,,
9584,1,9.0,-1.0,,
10291,1,5.0,-1.0,,
10541,1,4.0,-1.0,,
10976,1,-1.0,5.0,,
12119,1,7.0,-1.0,,
12447,1,6.0,-1.0,,
13187,1,8.0,-1.0,,
15248,1,0.0,-1.0,,
15984,1,3.0,-1.0,,
16434,1,0.0,-1.0,,
17609,1,-1.0,6.0,,
18176,1,-1.0,6.0,,
18636,1,-1.0,1.0,,
18730,1,0.0,-1.0,,
19156,1,-1.0,3.0,,
19354,1,-1.0,5.0,,
19662,1,1.0,-1.0,,
20039,1,-1.0,8.0,,
20108,1,0.0,-1.0,,
21617,1,2.0,-1.0,,
22382,1,5.0,-1.0,,
22453,1,-1.0,0.0,,
22766,1,6.0,-1.0,,
24063,1,4.0,-1.0,,
24610,1,0.0,-1.0,,
25088,1,9.0,-1.0,,
25149,1,2.0,-1.0,,
25937,1,-1.0,8.0,,
26465,1,3.0,-1.0,,
26941,1,3.0,-1.0,,
27198,1,-1.0,5.0,,
27496,1,-1.0,2.0,,
27553,1,7.0,-1.0,,
30100,1,-1.0,0.0,,
30480,1,1.0,-1.0,,
30913,1,0.0,-1.0,,
31404,1,-1.0,0.0,,
33206,1,-1.0,9.0,,
33462,1,-1.0,2.0,,
33467,1,-1.0,8.0,,
34048,1,-1.0,9.0,,
34052,1,-1.0,3.0,,
37128,1,-1.0,0.0,,
38149,1,-1.0,8.0,,
38529,1,-1.0,7.0,,
40300,1,8.0,-1.0,,
40592,1,7.0,-1.0,,
42469,1,7.0,-1.0,,
42760,1,2.0,-1.0,,
43951,1,3.0,-1.0,,
44003,1,-1.0,9.0,,
44108,1,-1.0,5.0,,
44504,1,-1.0,5.0,,
44561,1,-1.0,4.0,,
44796,1,5.0,-1.0,,
44935,1,1.0,-1.0,,
46080,1,1.0,-1.0,,
46294,1,-1.0,9.0,,
46518,1,-1.0,0.0,,
46700,1,-1.0,7.0,,
46831,1,-1.0,4.0,,
47770,1,1.0,-1.0,,
47868,1,-1.0,1.0,,
49323,1,-1.0,7.0,,
49327,1,-1.0,0.0,,
49501,1,-1.0,7.0,,
49868,1,0.0,-1.0,,
49871,1,-1.0,6.0,,
50238,1,-1.0,3.0,,
50610,1,3.0,-1.0,,
51840,1,-1.0,3.0,,
52365,1,-1.0,6.0,,
53834,1,3.0,-1.0,,
53969,1,6.0,-1.0,,
55266,1,0.0,-1.0,,
56596,1,0.0,-1.0,,
56749,1,5.0,-1.0,,
57246,1,-1.0,4.0,,
57596,1,4.0,-1.0,,
58217,1,-1.0,1.0,,
59348,1,2.0,-1.0,,
61364,1,2.0,-1.0,,
61390,1,-1.0,8.0,,
61771,1,-1.0,5.0,,
62069,1,-1.0,5.0,,
62332,1,-1.0,3.0,,
63159,1,1.0,-1.0,,
63587,1,9.0,-1.0,,
64104,1,-1.0,5.0,,
65563,1,6.0,-1.0,,
67220,1,8.0,-1.0,,
67267,1,-1.0,3.0,,
67439,1,-1.0,9.0,,
67769,1,7.0,-1.0,,
67988,1,-1.0,0.0,,
68366,1,8.0,-1.0,,
68427,1,4.0,-1.0,,
68564,1,0.0,-1.0,,
70292,1,-1.0,4.0,,
70324,1,-1.0,6.0,,
70678,1,0.0,-1.0,,
71346,1,8.0,-1.0,,
72701,1,0.0,-1.0,,
73351,1,1.0,-1.0,,
74377,1,4.0,-1.0,,
74546,1,-1.0,5.0,,
74936,1,-1.0,1.0,,
75447,1,3.0,-1.0,,
75853,1,6.0,-1.0,,
75871,1,8.0,-1.0,,
76045,1,-1.0,4.0,,
76494,1,2.0,-1.0,,
76845,1,4.0,-1.0,,
77225,1,6.0,-1.0,,
78166,1,-1.0,3.0,,
78743,1,-1.0,9.0,,
80858,1,7.0,-1.0,,
80995,1,1.0,-1.0,,
81619,1,-1.0,7.0,,
82582,1,7.0,-1.0,,
82665,1,-1.0,8.0,,
82686,1,-1.0,4.0,,
83434,1,-1.0,4.0,,
84483,1,9.0,-1.0,,
85171,1,8.0,-1.0,,
85698,1,2.0,-1.0,,
85838,1,5.0,-1.0,,
86321,1,-1.0,7.0,,
86455,1,-1.0,3.0,,
88457,1,-1.0,5.0,,
88771,1,0.0,-1.0,,
89471,1,6.0,-1.0,,
89598,1,7.0,-1.0,,
90085,1,6.0,-1.0,,
90362,1,7.0,-1.0,,
90519,1,-1.0,1.0,,
90849,1,-1.0,0.0,,
90902,1,0.0,-1.0,,
92758,1,9.0,-1.0,,
93002,1,4.0,-1.0,,
93008,1,0.0,-1.0,,
93088,1,9.0,-1.0,,
93754,1,5.0,-1.0,,
93908,1,0.0,-1.0,,
94681,1,-1.0,8.0,,
95954,1,4.0,-1.0,,
96089,1,-1.0,9.0,,
96681,1,4.0,-1.0,,
97180,1,8.0,-1.0,,
97521,1,2.0,-1.0,,
99195,1,1.0,-1.0,,
99285,1,3.0,-1.0,,
99942,1,-1.0,0.0,,
100019,1,0.0,-1.0,,
100504,1,-1.0,3.0,,
100816,1,-1.0,2.0,,
101379,1,-1.0,6.0,,
101401,1,-1.0,7.0,,
101848,1,8.0,-1.0,,
102169,1,3.0,-1.0,,
102171,1,2.0,-1.0,,
102240,1,-1.0,4.0,,
102637,1,9.0,-1.0,,
102827,1,-1.0,2.0,,
103035,1,-1.0,4.0,,
103222,1,-1.0,3.0,,
103366,1,-1.0,1.0,,
104197,1,-1.0,9.0,,
104697,1,-1.0,6.0,,
105768,1,6.0,-1.0,,
107630,1,4.0,-1.0,,
107948,1,7.0,-1.0,,
107964,1,4.0,-1.0,,
107999,1,-1.0,0.0,,
108719,1,5.0,-1.0,,
108725,1,-1.0,9.0,,
109733,1,6.0,-1.0,,
110279,1,2.0,-1.0,,
110500,1,2.0,-1.0,,
111366,1,-1.0,7.0,,
111558,1,-1.0,4.0,,
111911,1,-1.0,6.0,,
112264,1,6.0,-1.0,,
113785,1,1.0,-1.0,,
114043,1,-1.0,5.0,,
114650,1,3.0,-1.0,,
115465,1,-1.0,4.0,,
115881,1,-1.0,3.0,,
116093,1,0.0,-1.0,,
116529,1,4.0,-1.0,,
117337,1,9.0,-1.0,,
117610,1,9.0,-1.0,,
118379,1,5.0,-1.0,,
118789,1,5.0,-1.0,,
119599,1,-1.0,4.0,,
119765,1,0.0,-1.0,,
119768,1,-1.0,0.0,,
119946,1,-1.0,8.0,,
120524,1,-1.0,3.0,,
121546,1,-1.0,0.0,,
122858,1,-1.0,6.0,,
122965,1,4.0,-1.0,,
123837,1,8.0,-1.0,,
124981,1,-1.0,5.0,,
125855,1,4.0,-1.0,,
126665,1,5.0,-1.0,,
126749,1,-1.0,1.0,,
127330,1,-1.0,3.0,,
128261,1,-1.0,6.0,,
128274,1,0.0,-1.0,,
129430,1,-1.0,3.0,,
129796,1,-1.0,9.0,,
129853,1,-1.0,5.0,,
132005,1,-1.0,5.0,,
132293,1,-1.0,6.0,,
132430,1,-1.0,5.0,,
132644,1,0.0,-1.0,,
134322,1,-1.0,2.0,,
134692,1,3.0,-1.0,,
135419,1,-1.0,4.0,,
137259,1,2.0,-1.0,,
138010,1,1.0,-1.0,,
138210,1,9.0,-1.0,,
138304,1,-1.0,6.0,,
138998,1,4.0,-1.0,,
139163,1,-1.0,8.0,,
139753,1,9.0,-1.0,,
140440,1,-1.0,8.0,,
140518,1,-1.0,6.0,,
140826,1,-1.0,7.0,,
141694,1,6.0,-1.0,,
142895,1,0.0,2.0,,
143261,1,-1.0,3.0,,
143794,1,-1.0,2.0,,
144057,1,3.0,-1.0,,
144365,1,3.0,-1.0,,
144720,1,6.0,-1.0,,
146106,1,-1.0,5.0,,
146179,1,4.0,-1.0,,
146432,1,7.0,-1.0,,
146761,1,1.0,-1.0,,
147910,1,-1.0,0.0,,
148275,1,-1.0,7.0,,
148652,1,3.0,-1.0,,
149708,1,-1.0,2.0,,
150933,1,-1.0,5.0,,
152229,1,3.0,-1.0,,
153179,1,0.0,-1.0,,
153554,1,-1.0,8.0,,
153557,1,-1.0,2.0,,
154122,1,3.0,-1.0,,
155666,1,6.0,-1.0,,
157688,1,1.0,-1.0,,
158000,1,8.0,-1.0,,
158077,1,-1.0,7.0,,
158480,1,8.0,-1.0,,
162499,1,-1.0,6.0,,
162776,1,-1.0,9.0,,
162876,1,-1.0,0.0,,
162983,1,-1.0,0.0,,
163403,1,-1.0,9.0,,
163409,1,-1.0,1.0,,
164786,1,0.0,-1.0,,
165643,1,-1.0,8.0,,
165704,1,-1.0,5.0,,
165975,1,0.0,-1.0,,
166208,1,3.0,-1.0,,
166352,1,5.0,-1.0,,
166438,1,-1.0,9.0,,
166601,1,7.0,-1.0,,
168865,1,-1.0,0.0,,
169146,1,0.0,-1.0,,
169678,1,9.0,-1.0,,
169746,1,4.0,-1.0,,
171812,1,0.0,-1.0,,
172147,1,-1.0,9.0,,
173416,1,-1.0,6.0,,
174264,1,-1.0,4.0,,
174477,1,9.0,-1.0,,
174556,1,4.0,-1.0,,
174742,1,-1.0,5.0,,
174864,1,3.0,-1.0,,
174977,1,-1.0,5.0,,
175158,1,1.0,-1.0,,
175246,1,4.0,-1.0,,
175277,1,-1.0,3.0,,
175494,1,0.0,-1.0,,
175951,1,1.0,-1.0,,
176091,1,3.0,-1.0,,
176160,1,-1.0,4.0,,
176590,1,0.0,-1.0,,
177943,1,6.0,-1.0,,
178611,1,-1.0,6.0,,
178891,1,-1.0,5.0,,
178961,1,2.0,-1.0,,
179353,1,6.0,-1.0,,
179468,1,3.0,-1.0,,
180638,1,4.0,-1.0,,
181899,1,9.0,-1.0,,
182008,1,6.0,-1.0,,
184153,1,-1.0,2.0,,
184514,1,-1.0,2.0,,
185638,1,-1.0,9.0,,
186661,1,7.0,-1.0,,
187180,1,4.0,-1.0,,
188252,1,-1.0,7.0,,
189182,1,1.0,-1.0,,
189345,1,4.0,-1.0,,
189744,1,-1.0,1.0,,
192717,1,-1.0,6.0,,
192720,1,-1.0,7.0,,
193475,1,6.0,-1.0,,
194116,1,3.0,-1.0,,
194690,1,-1.0,3.0,,
195178,1,-1.0,0.0,,
195422,1,0.0,-1.0,,
196002,1,-1.0,4.0,,
196457,1,-1.0,5.0,,
196832,1,6.0,-1.0,,
196876,1,6.0,-1.0,,
197190,1,-1.0,9.0,,
199608,1,-1.0,9.0,,
200221,1,0.0,-1.0,,
202680,1,7.0,-1.0,,
203081,1,-1.0,2.0,,
203585,1,-1.0,5.0,,
203915,1,7.0,-1.0,,
204707,1,4.0,-1.0,,
205423,1,-1.0,7.0,,
206537,1,-1.0,3.0,,
208311,1,-1.0,4.0,,
208478,1,-1.0,8.0,,
208625,1,7.0,-1.0,,
208721,1,-1.0,0.0,,
208817,1,6.0,-1.0,,
209559,1,1.0,-1.0,,
209660,1,3.0,-1.0,,
210669,1,-1.0,5.0,,
210975,1,0.0,-1.0,,
211865,1,-1.0,0.0,,
211957,1,6.0,-1.0,,
212676,1,6.0,-1.0,,
212695,1,7.0,-1.0,,
212848,1,-1.0,9.0,,
213248,1,6.0,-1.0,,
213855,1,-1.0,1.0,,
214938,1,8.0,-1.0,,
215171,1,6.0,-1.0,,
215675,1,-1.0,0.0,,
215875,1,-1.0,2.0,,
216319,1,-1.0,0.0,,
216787,1,-1.0,6.0,,
216862,1,-1.0,2.0,,
216876,1,-1.0,0.0,,
218029,1,4.0,-1.0,,
219040,1,2.0,-1.0,,
219152,1,9.0,-1.0,,
219551,1,4.0,-1.0,,
219885,1,-1.0,0.0,,
221001,1,-1.0,8.0,,
221065,1,-1.0,3.0,,
221582,1,-1.0,8.0,,
222279,1,9.0,-1.0,,
223230,1,-1.0,6.0,,
223846,1,8.0,-1.0,,
225790,1,5.0,-1.0,,
225972,1,3.0,-1.0,,
226388,1,7.0,-1.0,,
226530,1,4.0,-1.0,,
226663,1,-1.0,2.0,,
227278,1,9.0,-1.0,,
227568,1,3.0,-1.0,,
227731,1,-1.0,9.0,,
228696,1,4.0,-1.0,,
229399,1,1.0,-1.0,,
229817,1,4.0,-1.0,,
230063,1,-1.0,6.0,,
230249,1,0.0,-1.0,,
230279,1,-1.0,0.0,,
230451,1,7.0,-1.0,,
231792,1,-1.0,9.0,,
231803,1,4.0,-1.0,,
232326,1,-1.0,4.0,,
235058,1,-1.0,9.0,,
235446,1,2.0,-1.0,,
236053,1,-1.0,3.0,,
237271,1,2.0,-1.0,,
237635,1,-1.0,7.0,,
238211,1,6.0,-1.0,,
238599,1,7.0,-1.0,,
238784,1,4.0,-1.0,,
238840,1,-1.0,7.0,,
238965,1,-1.0,4.0,,
239411,1,4.0,-1.0,,
242106,1,1.0,-1.0,,
242630,1,2.0,-1.0,,
242639,1,-1.0,9.0,,
242822,1,0.0,-1.0,,
243341,1,-1.0,0.0,,
243936,1,6.0,-1.0,,
244956,1,4.0,-1.0,,
245509,1,0.0,-1.0,,
245659,1,9.0,-1.0,,
245969,1,-1.0,7.0,,
246795,1,9.0,-1.0,,
246824,1,-1.0,3.0,,
247360,1,1.0,-1.0,,
248381,1,-1.0,2.0,,
248525,1,-1.0,8.0,,
248552,1,-1.0,4.0,,
248716,1,9.0,-1.0,,
249653,1,8.0,-1.0,,
249747,1,-1.0,9.0,,
250122,1,-1.0,1.0,,
250865,1,6.0,-1.0,,
251060,1,-1.0,9.0,,
251473,1,7.0,-1.0,,
252001,1,-1.0,3.0,,
252225,1,-1.0,9.0,,
252295,1,-1.0,1.0,,
252921,1,6.0,-1.0,,
253072,1,3.0,-1.0,,
253532,1,8.0,-1.0,,
254353,1,-1.0,9.0,,
254435,1,0.0,-1.0,,
255809,1,-1.0,4.0,,
256160,1,-1.0,8.0,,
256267,1,-1.0,1.0,,
257128,1,3.0,-1.0,,
257309,1,4.0,-1.0,,
258363,1,6.0,-1.0,,
258661,1,-1.0,6.0,,
260296,1,7.0,-1.0,,
260647,1,-1.0,4.0,,
261507,1,1.0,-1.0,,
263890,1,-1.0,9.0,,
264148,1,2.0,-1.0,,
264500,1,3.0,-1.0,,
265340,1,2.0,-1.0,,
265745,1,-1.0,1.0,,
266349,1,6.0,-1.0,,
268321,1,6.0,-1.0,,
269426,1,-1.0,8.0,,
269447,1,6.0,-1.0,,
270385,1,9.0,-1.0,,
270511,1,2.0,-1.0,,
270823,1,-1.0,3.0,,
271447,1,1.0,-1.0,,
273862,1,5.0,-1.0,,
274141,1,-1.0,3.0,,
274375,1,-1.0,5.0,,
274557,1,2.0,-1.0,,
274971,1,-1.0,9.0,,
275959,1,1.0,-1.0,,
276719,1,7.0,-1.0,,
278009,1,2.0,-1.0,,
278022,1,-1.0,9.0,,
278351,1,-1.0,2.0,,
279432,1,-1.0,4.0,,
279570,1,-1.0,9.0,,
280294,1,-1.0,7.0,,
282602,1,-1.0,8.0,,
283049,1,-1.0,7.0,,
284632,1,7.0,-1.0,,
284790,1,1.0,-1.0,,
284886,1,2.0,-1.0,,
286150,1,-1.0,1.0,,
286196,1,-1.0,1.0,,
286829,1,-1.0,9.0,,
289694,1,-1.0,4.0,,
289887,1,8.0,-1.0,,
290141,1,5.0,-1.0,,
290214,1,-1.0,1.0,,
290351,1,3.0,-1.0,,
291772,1,5.0,-1.0,,
291979,1,-1.0,5.0,,
292358,1,-1.0,1.0,,
293682,1,2.0,-1.0,,
293716,1,-1.0,7.0,,
293951,1,-1.0,0.0,,
294441,1,7.0,-1.0,,
296022,1,6.0,-1.0,,
296064,1,-1.0,3.0,,
296236,1,8.0,-1.0,,
296392,1,-1.0,8.0,,
296556,1,9.0,-1.0,,
297530,1,-1.0,8.0,,
298427,1,0.0,-1.0,,
298778,1,5.0,-1.0,,
299185,1,-1.0,9.0,,
299938,1,-1.0,2.0,,
300027,1,3.0,-1.0,,
302621,1,-1.0,5.0,,
302939,1,-1.0,8.0,,
303659,1,-1.0,0.0,,
304401,1,9.0,-1.0,,
305635,1,-1.0,6.0,,
306314,1,5.0,-1.0,,
307228,1,-1.0,0.0,,
308916,1,-1.0,8.0,,
309318,1,8.0,-1.0,,
309390,1,-1.0,9.0,,
309584,1,0.0,-1.0,,
311144,1,-1.0,8.0,,
311238,1,-1.0,2.0,,
312228,1,-1.0,9.0,,
312482,1,1.0,-1.0,,
313285,1,7.0,-1.0,,
314130,1,-1.0,2.0,,
315414,1,-1.0,6.0,,
316027,1,2.0,-1.0,,
316269,1,-1.0,3.0,,
316563,1,-1.0,8.0,,
316857,1,0.0,-1.0,,
316935,1,8.0,-1.0,,
317118,1,4.0,-1.0,,
318103,1,-1.0,0.0,,
318907,1,-1.0,4.0,,
319891,1,2.0,-1.0,,
320494,1,3.0,-1.0,,
320928,1,0.0,-1.0,,
320970,1,1.0,-1.0,,
324024,1,6.0,-1.0,,
324103,1,-1.0,0.0,,
325030,1,-1.0,9.0,,
326760,1,-1.0,3.0,,
326932,1,5.0,-1.0,,
327214,1,9.0,-1.0,,
327581,1,4.0,-1.0,,
327646,1,7.0,-1.0,,
328319,1,4.0,-1.0,,
329009,1,-1.0,9.0,,
330048,1,0.0,-1.0,,
330760,1,-1.0,5.0,,
330913,1,1.0,-1.0,,
331007,1,-1.0,9.0,,
333277,1,-1.0,6.0,,
335337,1,7.0,-1.0,,
335486,1,4.0,-1.0,,
335788,1,0.0,-1.0,,
335934,1,9.0,-1.0,,
336040,1,-1.0,1.0,,
336364,1,-1.0,1.0,,
336734,1,-1.0,1.0,,
336967,1,-1.0,7.0,,
337239,1,-1.0,7.0,,
337373,1,6.0,-1.0,,
337941,1,2.0,-1.0,,
338053,1,-1.0,2.0,,
338447,1,3.0,-1.0,,
338772,1,-1.0,6.0,,
340872,1,2.0,-1.0,,
341461,1,4.0,-1.0,,
341835,1,4.0,-1.0,,
343388,1,-1.0,5.0,,
343446,1,6.0,-1.0,,
343615,1,-1.0,1.0,,
344123,1,-1.0,5.0,,
344209,1,8.0,-1.0,,
344554,1,3.0,-1.0,,
345650,1,-1.0,3.0,,
346336,1,4.0,-1.0,,
346390,1,7.0,-1.0,,
347898,1,0.0,-1.0,,
348089,1,-1.0,3.0,,
348140,1,2.0,-1.0,,
348193,1,5.0,-1.0,,
350864,1,-1.0,7.0,,
351342,1,6.0,-1.0,,
351365,1,2.0,-1.0,,
351775,1,-1.0,4.0,,
352850,1,-1.0,2.0,,
353699,1,0.0,-1.0,,
354787,1,-1.0,9.0,,
354933,1,-1.0,9.0,,
355595,1,-1.0,0.0,,
355697,1,-1.0,1.0,,
356144,1,8.0,-1.0,,
356798,1,5.0,-1.0,,
356974,1,4.0,-1.0,,
357827,1,-1.0,3.0,,
358340,1,-1.0,7.0,,
358950,1,-1.0,1.0,,
359621,1,-1.0,5.0,,
360209,1,-1.0,5.0,,
361022,1,-1.0,9.0,,
362010,1,3.0,-1.0,,
362162,1,0.0,-1.0,,
363199,1,-1.0,6.0,,
363924,1,-1.0,2.0,,
364787,1,5.0,-1.0,,
366637,1,5.0,-1.0,,
366651,1,0.0,-1.0,,
369103,1,7.0,-1.0,,
369171,1,4.0,-1.0,,
370986,1,-1.0,4.0,,
372972,1,-1.0,8.0,,
373646,1,0.0,-1.0,,
375363,1,3.0,-1.0,,
377976,1,-1.0,8.0,,
379030,1,-1.0,3.0,,
379185,1,-1.0,5.0,,
379287,1,-1.0,8.0,,
380508,1,4.0,-1.0,,
381503,1,5.0,-1.0,,
382619,1,0.0,-1.0,,
382641,1,0.0,-1.0,,
383043,1,7.0,-1.0,,
384683,1,9.0,-1.0,,
385264,1,8.0,-1.0,,
385665,1,5.0,-1.0,,
386264,1,3.0,-1.0,,
386433,1,8.0,-1.0,,
387058,1,6.0,-1.0,,
387262,1,6.0,-1.0,,
387472,1,9.0,-1.0,,
387538,1,-1.0,7.0,,
388494,1,6.0,-1.0,,
388650,1,3.0,-1.0,,
388820,1,4.0,-1.0,,
389228,1,3.0,-1.0,,
389887,1,3.0,-1.0,,
390050,1,1.0,-1.0,,
390262,1,-1.0,4.0,,
390929,1,1.0,-1.0,,
391892,1,-1.0,1.0,,
392104,1,-1.0,3.0,,
392683,1,3.0,-1.0,,
393262,1,-1.0,9.0,,
393297,1,-1.0,9.0,,
393733,1,-1.0,7.0,,
394534,1,4.0,-1.0,,
395677,1,0.0,-1.0,,
395755,1,-1.0,2.0,,
395996,1,0.0,-1.0,,
397297,1,7.0,-1.0,,
397434,1,0.0,-1.0,,
397479,1,-1.0,8.0,,
397755,1,-1.0,7.0,,
398546,1,-1.0,0.0,,
398924,1,0.0,-1.0,,
400074,1,0.0,-1.0,,
400096,1,8.0,-1.0,,
400674,1,-1.0,4.0,,
401456,1,6.0,-1.0,,
401637,1,9.0,-1.0,,
402330,1,1.0,-1.0,,
402476,1,-1.0,3.0,,
402833,1,-1.0,0.0,,
402885,1,-1.0,8.0,,
402892,1,1.0,-1.0,,
403315,1,9.0,-1.0,,
405772,1,0.0,-1.0,,
405945,1,3.0,-1.0,,
406597,1,-1.0,1.0,,
410217,1,-1.0,4.0,,
410729,1,-1.0,4.0,,
411749,1,4.0,-1.0,,
411769,1,4.0,-1.0,,
412155,1,-1.0,5.0,,
413260,1,-1.0,7.0,,
413826,1,-1.0,3.0,,
414336,1,3.0,-1.0,,
414617,1,6.0,-1.0,,
415355,1,7.0,-1.0,,
416098,1,8.0,-1.0,,
416862,1,-1.0,1.0,,
416869,1,-1.0,8.0,,
418192,1,6.0,-1.0,,
418714,1,-1.0,9.0,,
420226,1,-1.0,3.0,,
420733,1,-1.0,1.0,,
421365,1,6.0,-1.0,,
421614,1,-1.0,4.0,,
422734,1,-1.0,2.0,,
422797,1,1.0,-1.0,,
422804,1,7.0,-1.0,,
424137,1,1.0,-1.0,,
426071,1,-1.0,5.0,,
427315,1,0.0,-1.0,,
427684,1,-1.0,5.0,,
428050,1,7.0,-1.0,,
428159,1,8.0,-1.0,,
428562,1,4.0,-1.0,,
429467,1,7.0,-1.0,,
429903,1,2.0,-1.0,,
430353,1,8.0,-1.0,,
431195,1,0.0,-1.0,,
431879,1,2.0,-1.0,,
432100,1,-1.0,0.0,,
432800,1,0.0,-1.0,,
433509,1,-1.0,6.0,,
434274,1,-1.0,4.0,,
434373,1,-1.0,0.0,,
434891,1,-1.0,9.0,,
435058,1,-1.0,2.0,,
435727,1,7.0,-1.0,,
436349,1,-1.0,3.0,,
436607,1,-1.0,3.0,,
437677,1,-1.0,5.0,,
437776,1,-1.0,2.0,,
438103,1,5.0,-1.0,,
439021,1,-1.0,4.0,,
439162,1,1.0,-1.0,,
439201,1,-1.0,5.0,,
441529,1,8.0,-1.0,,
441930,1,-1.0,5.0,,
442068,1,1.0,-1.0,,
442585,1,-1.0,8.0,,
443022,1,7.0,-1.0,,
443364,1,-1.0,3.0,,
443632,1,1.0,-1.0,,
443804,1,0.0,-1.0,,
444324,1,-1.0,1.0,,
444591,1,6.0,-1.0,,
444997,1,8.0,-1.0,,
445179,1,3.0,-1.0,,
445738,1,4.0,-1.0,,
446739,1,9.0,-1.0,,
446985,1,-1.0,8.0,,
447160,1,-1.0,3.0,,
447312,1,5.0,-1.0,,
448246,1,8.0,-1.0,,
448525,1,-1.0,6.0,,
448562,1,4.0,-1.0,,
448844,1,7.0,-1.0,,
449558,1,2.0,-1.0,,
450042,1,-1.0,0.0,,
450338,1,-1.0,0.0,,
450979,1,3.0,-1.0,,
451602,1,4.0,-1.0,,
451632,1,-1.0,7.0,,
452996,1,-1.0,7.0,,
453639,1,2.0,-1.0,,
453711,1,-1.0,8.0,,
454028,1,8.0,-1.0,,
454123,1,-1.0,2.0,,
454253,1,2.0,-1.0,,
454268,1,-1.0,8.0,,
456917,1,8.0,-1.0,,
457570,1,-1.0,8.0,,
457771,1,8.0,-1.0,,
458942,1,4.0,-1.0,,
459202,1,8.0,-1.0,,
459361,1,-1.0,3.0,,
461384,1,1.0,-1.0,,
461428,1,0.0,-1.0,,
461686,1,1.0,-1.0,,
461706,1,-1.0,8.0,,
461781,1,8.0,-1.0,,
462087,1,-1.0,8.0,,
463035,1,4.0,-1.0,,
463074,1,3.0,-1.0,,
463452,1,8.0,-1.0,,
463643,1,5.0,-1.0,,
464510,1,6.0,-1.0,,
464704,1,-1.0,7.0,,
465292,1,1.0,-1.0,,
466289,1,7.0,-1.0,,
466290,1,2.0,-1.0,,
467581,1,5.0,-1.0,,
467716,1,2.0,-1.0,,
467849,1,5.0,-1.0,,
468855,1,9.0,-1.0,,
469100,1,4.0,-1.0,,
469496,1,-1.0,6.0,,
470004,1,0.0,-1.0,,
471346,1,-1.0,9.0,,
471995,1,-1.0,2.0,,
472304,1,2.0,-1.0,,
473154,1,8.0,-1.0,,
473335,1,-1.0,6.0,,
473390,1,8.0,-1.0,,
473598,1,-1.0,9.0,,
473815,1,0.0,-1.0,,
475010,1,-1.0,2.0,,
475356,1,-1.0,5.0,,
476349,1,-1.0,8.0,,
476537,1,-1.0,8.0,,
476983,1,-1.0,1.0,,
477753,1,0.0,-1.0,,
477854,1,-1.0,0.0,,
478339,1,-1.0,2.0,,
480200,1,-1.0,7.0,,
480462,1,1.0,-1.0,,
480831,1,-1.0,8.0,,
481321,1,-1.0,6.0,,
482345,1,-1.0,6.0,,
482805,1,1.0,-1.0,,
482944,1,-1.0,6.0,,
483687,1,-1.0,6.0,,
483878,1,-1.0,8.0,,
484081,1,6.0,-1.0,,
484398,1,4.0,-1.0,,
485575,1,3.0,-1.0,,
486263,1,-1.0,2.0,,
486753,1,9.0,-1.0,,
486900,1,4.0,-1.0,,
486979,1,8.0,-1.0,,
487397,1,-1.0,1.0,,
487425,1,-1.0,1.0,,
488982,1,-1.0,4.0,,
488989,1,-1.0,6.0,,
489163,1,4.0,-1.0,,
489410,1,3.0,-1.0,,
489630,1,-1.0,5.0,,
489858,1,-1.0,9.0,,
491292,1,-1.0,6.0,,
491918,1,1.0,-1.0,,
492351,1,2.0,-1.0,,
492708,1,-1.0,6.0,,
493934,1,-1.0,5.0,,
494449,1,-1.0,4.0,,
494989,1,7.0,-1.0,,
495248,1,-1.0,2.0,,
495447,1,-1.0,4.0,,
495626,1,-1.0,0.0,,
495766,1,2.0,-1.0,,
495969,1,-1.0,3.0,,
497041,1,-1.0,8.0,,
498702,1,-1.0,6.0,,
499102,1,-1.0,7.0,,
499622,1,-1.0,9.0,,
499749,1,-1.0,8.0,,
499804,1,5.0,-1.0,,
500332,1,2.0,-1.0,,
501508,1,8.0,-1.0,,
501743,1,-1.0,2.0,,
501781,1,-1.0,9.0,,
502376,1,-1.0,7.0,,
502536,1,-1.0,9.0,,
503356,1,2.0,-1.0,,
503453,1,-1.0,5.0,,
503524,1,3.0,-1.0,,
504925,1,1.0,-1.0,,
505414,1,8.0,-1.0,,
505417,1,8.0,-1.0,,
505575,1,-1.0,3.0,,
505593,1,8.0,-1.0,,
505785,1,8.0,-1.0,,
506753,1,-1.0,5.0,,
507743,1,5.0,-1.0,,
508664,1,-1.0,7.0,,
509277,1,-1.0,0.0,,
509374,1,-1.0,7.0,,
509483,1,1.0,-1.0,,
509662,1,3.0,-1.0,,
511361,1,9.0,-1.0,,
511928,1,-1.0,1.0,,
512652,1,-1.0,8.0,,
512848,1,3.0,-1.0,,
513260,1,-1.0,2.0,,
513659,1,-1.0,1.0,,
514820,1,3.0,-1.0,,
515568,1,9.0,-1.0,,
515674,1,-1.0,9.0,,
516382,1,7.0,-1.0,,
517232,1,-1.0,4.0,,
517310,1,0.0,-1.0,,
517344,1,6.0,-1.0,,
518601,1,-1.0,5.0,,
518670,1,9.0,-1.0,,
520032,1,-1.0,6.0,,
520442,1,2.0,-1.0,,
522243,1,3.0,-1.0,,
524257,1,7.0,-1.0,,
524575,1,4.0,-1.0,,
526714,1,-1.0,1.0,,
528145,1,0.0,-1.0,,
529820,1,3.0,-1.0,,
529906,1,-1.0,3.0,,
529929,1,-1.0,4.0,,
530119,1,8.0,-1.0,,
530402,1,-1.0,5.0,,
531143,1,5.0,-1.0,,
531526,1,5.0,-1.0,,
531979,1,8.0,-1.0,,
532575,1,5.0,-1.0,,
532853,1,-1.0,0.0,,
532905,1,2.0,-1.0,,
534148,1,-1.0,7.0,,
534640,1,-1.0,2.0,,
535290,1,5.0,-1.0,,
535685,1,-1.0,4.0,,
536049,1,-1.0,8.0,,
536279,1,3.0,-1.0,,
537328,1,2.0,-1.0,,
537863,1,6.0,-1.0,,
538071,1,-1.0,9.0,,
540393,1,8.0,-1.0,,
540496,1,8.0,-1.0,,
541404,1,6.0,-1.0,,
541458,1,9.0,-1.0,,
542437,1,-1.0,4.0,,
542683,1,5.0,-1.0,,
543310,1,8.0,-1.0,,
543585,1,-1.0,5.0,,
543732,1,-1.0,9.0,,
546012,1,-1.0,7.0,,
546104,1,9.0,-1.0,,
546145,1,-1.0,1.0,,
547065,1,-1.0,5.0,,
547247,1,7.0,-1.0,,
547834,1,-1.0,8.0,,
549451,1,-1.0,0.0,,
549816,1,-1.0,3.0,,
551093,1,9.0,-1.0,,
551369,1,-1.0,2.0,,
551431,1,2.0,-1.0,,
552033,1,-1.0,1.0,,
553065,1,6.0,-1.0,,
553101,1,6.0,-1.0,,
555334,1,4.0,-1.0,,
557936,1,8.0,-1.0,,
559305,1,4.0,-1.0,,
560084,1,8.0,-1.0,,
561423,1,2.0,-1.0,,
561755,1,0.0,-1.0,,
561878,1,3.0,-1.0,,
562275,1,-1.0,3.0,,
562859,1,-1.0,2.0,,
564328,1,5.0,-1.0,,
564370,1,3.0,-1.0,,
564837,1,5.0,-1.0,,
565538,1,-1.0,1.0,,
565966,1,5.0,-1.0,,
567296,1,-1.0,3.0,,
567310,1,7.0,-1.0,,
567780,1,1.0,-1.0,,
571389,1,1.0,-1.0,,
571469,1,0.0,-1.0,,
572258,1,-1.0,8.0,,
572296,1,-1.0,8.0,,
572983,1,-1.0,3.0,,
573108,1,0.0,-1.0,,
573503,1,5.0,-1.0,,
573964,1,-1.0,9.0,,
574117,1,0.0,-1.0,,
575223,1,8.0,-1.0,,
575762,1,3.0,-1.0,,
575879,1,-1.0,9.0,,
576138,1,5.0,-1.0,,
577417,1,6.0,-1.0,,
577472,1,9.0,-1.0,,
577949,1,6.0,-1.0,,
577966,1,6.0,-1.0,,
578343,1,3.0,-1.0,,
579572,1,-1.0,4.0,,
579820,1,8.0,-1.0,,
579985,1,-1.0,8.0,,
580463,1,5.0,-1.0,,
581211,1,-1.0,9.0,,
581220,1,5.0,-1.0,,
581314,1,8.0,-1.0,,
581399,1,-1.0,5.0,,
582711,1,7.0,-1.0,,
582836,1,-1.0,2.0,,
583160,1,0.0,-1.0,,
583949,1,7.0,-1.0,,
584538,1,9.0,-1.0,,
585118,1,6.0,-1.0,,
585157,1,-1.0,6.0,,
586632,1,7.0,-1.0,,
586786,1,7.0,-1.0,,
586861,1,-1.0,2.0,,
588572,1,-1.0,8.0,,
590047,1,-1.0,3.0,,
590808,1,7.0,-1.0,,
591731,1,7.0,-1.0,,
591903,1,-1.0,6.0,,
593247,1,0.0,-1.0,,
595467,1,-1.0,2.0,,
597280,1,-1.0,2.0,,
597345,1,-1.0,0.0,,
597446,1,5.0,-1.0,,
599109,1,6.0,-1.0,,
599486,1,-1.0,0.0,,
599608,1,6.0,-1.0,,
599831,1,-1.0,5.0,,
600547,1,8.0,-1.0,,
600759,1,-1.0,2.0,,
601985,1,-1.0,0.0,,
602359,1,0.0,-1.0,,
602369,1,0.0,-1.0,,
603007,1,-1.0,5.0,,
603509,1,5.0,-1.0,,
604277,1,6.0,-1.0,,
605890,1,8.0,-1.0,,
607671,1,8.0,-1.0,,
608971,1,-1.0,1.0,,
609268,1,-1.0,0.0,,
609793,1,-1.0,5.0,,
610461,1,0.0,-1.0,,
610687,1,-1.0,3.0,,
610855,1,1.0,-1.0,,
611056,1,-1.0,0.0,,
611507,1,-1.0,4.0,,
611847,1,-1.0,9.0,,
612305,1,-1.0,1.0,,
612891,1,-1.0,0.0,,
613185,1,-1.0,8.0,,
615029,1,-1.0,9.0,,
615052,1,7.0,-1.0,,
615113,1,8.0,-1.0,,
615486,1,-1.0,9.0,,
615999,1,1.0,-1.0,,
617164,1,-1.0,6.0,,
617505,1,8.0,-1.0,,
618078,1,1.0,-1.0,,
618415,1,-1.0,3.0,,
618567,1,7.0,-1.0,,
618722,1,7.0,-1.0,,
619454,1,7.0,-1.0,,
619592,1,0.0,-1.0,,
621064,1,9.0,-1.0,,
621578,1,-1.0,3.0,,
623206,1,5.0,-1.0,,
623333,1,-1.0,1.0,,
623635,1,7.0,-1.0,,
623671,1,1.0,-1.0,,
623926,1,-1.0,1.0,,
624686,1,-1.0,2.0,,
625953,1,-1.0,5.0,,
626582,1,-1.0,6.0,,
628754,1,-1.0,1.0,,
629078,1,-1.0,9.0,,
629979,1,6.0,-1.0,,
630770,1,7.0,-1.0,,
630805,1,8.0,-1.0,,
630835,1,7.0,-1.0,,
630944,1,-1.0,6.0,,
632047,1,-1.0,2.0,,
634314,1,9.0,-1.0,,
634796,1,3.0,-1.0,,
635048,1,0.0,-1.0,,
636482,1,-1.0,2.0,,
636680,1,-1.0,2.0,,
637223,1,-1.0,8.0,,
637379,1,8.0,-1.0,,
638061,1,-1.0,7.0,,
638751,1,0.0,-1.0,,
638978,1,-1.0,5.0,,
638983,1,8.0,-1.0,,
639039,1,3.0,-1.0,,
640155,1,9.0,-1.0,,
640355,1,-1.0,2.0,,
640467,1,-1.0,3.0,,
640737,1,7.0,-1.0,,
641333,1,9.0,-1.0,,
641630,1,1.0,-1.0,,
641732,1,5.0,-1.0,,
643913,1,7.0,-1.0,,
644314,1,4.0,-1.0,,
644330,1,-1.0,4.0,,
644627,1,-1.0,7.0,,
648297,1,8.0,-1.0,,
648800,1,-1.0,5.0,,
649791,1,-1.0,8.0,,
650502,1,-1.0,6.0,,
651466,1,-1.0,2.0,,
652009,1,6.0,-1.0,,
652103,1,-1.0,6.0,,
654562,1,-1.0,2.0,,
655714,1,8.0,-1.0,,
655824,1,-1.0,1.0,,
656249,1,3.0,-1.0,,
656744,1,-1.0,7.0,,
656832,1,-1.0,9.0,,
657660,1,1.0,-1.0,,
659052,1,-1.0,3.0,,
659091,1,5.0,-1.0,,
660666,1,6.0,-1.0,,
660751,1,2.0,-1.0,,
660983,1,5.0,-1.0,,
661549,1,-1.0,7.0,,
661582,1,9.0,-1.0,,
662216,1,6.0,-1.0,,
663086,1,1.0,-1.0,,
663465,1,0.0,-1.0,,
663942,1,4.0,-1.0,,
663974,1,7.0,-1.0,,
664959,1,-1.0,2.0,,
665358,1,3.0,-1.0,,
666715,1,-1.0,4.0,,
667125,1,0.0,-1.0,,
667513,1,5.0,-1.0,,
669803,1,-1.0,5.0,,
669943,1,-1.0,5.0,,
670154,1,-1.0,1.0,,
670656,1,-1.0,2.0,,
671728,1,1.0,-1.0,,
672304,1,-1.0,1.0,,
672648,1,-1.0,5.0,,
672720,1,9.0,-1.0,,
672826,1,-1.0,4.0,,
672928,1,8.0,-1.0,,
673210,1,-1.0,9.0,,
673314,1,7.0,-1.0,,
673365,1,7.0,-1.0,,
674647,1,9.0,6.0,,
674899,1,6.0,-1.0,,
675777,1,1.0,-1.0,,
678082,1,4.0,-1.0,,
678923,1,7.0,-1.0,,
679600,1,9.0,-1.0,,
679896,1,-1.0,8.0,,
682022,1,1.0,-1.0,,
682294,1,-1.0,2.0,,
683768,1,-1.0,9.0,,
683965,1,-1.0,5.0,,
684635,1,8.0,-1.0,,
685207,1,-1.0,2.0,,
685584,1,-1.0,3.0,,
685589,1,-1.0,8.0,,
686383,1,-1.0,4.0,,
686928,1,5.0,-1.0,,
687202,1,2.0,-1.0,,
688984,1,4.0,-1.0,,
689070,1,3.0,-1.0,,
689517,1,-1.0,1.0,,
690554,1,-1.0,8.0,,
690772,1,-1.0,3.0,,
691542,1,6.0,-1.0,,
691841,1,-1.0,6.0,,
692517,1,-1.0,4.0,,
694013,1,5.0,-1.0,,
694263,1,-1.0,3.0,,
695324,1,-1.0,8.0,,
695620,1,-1.0,7.0,,
696257,1,3.0,-1.0,,
696316,1,9.0,-1.0,,
699321,1,-1.0,8.0,,
699679,1,-1.0,1.0,,
701148,1,-1.0,4.0,,
701917,1,9.0,-1.0,,
702384,1,-1.0,3.0,,
702827,1,3.0,-1.0,,
702940,1,2.0,-1.0,,
703229,1,7.0,-1.0,,
703499,1,-1.0,2.0,,
704351,1,8.0,-1.0,,
704817,1,0.0,-1.0,,
707015,1,-1.0,2.0,,
708728,1,2.0,-1.0,,
709041,1,-1.0,7.0,,
709240,1,8.0,-1.0,,
710128,1,3.0,-1.0,,
710213,1,5.0,-1.0,,
711566,1,1.0,-1.0,,
711659,1,-1.0,3.0,,
712951,1,6.0,-1.0,,
714117,1,8.0,-1.0,,
714210,1,4.0,-1.0,,
714976,1,-1.0,5.0,,
715318,1,0.0,-1.0,,
715394,1,1.0,-1.0,,
715720,1,4.0,-1.0,,
715988,1,4.0,-1.0,,
716501,1,-1.0,7.0,,
717061,1,7.0,-1.0,,
719545,1,5.0,-1.0,,
719642,1,0.0,-1.0,,
719859,1,7.0,-1.0,,
719921,1,7.0,-1.0,,
720782,1,-1.0,7.0,,
720845,1,-1.0,7.0,,
722723,1,-1.0,6.0,,
723824,1,7.0,-1.0,,
725033,1,-1.0,4.0,,
725095,1,-1.0,9.0,,
727322,1,-1.0,8.0,,
728048,1,-1.0,4.0,,
729291,1,-1.0,3.0,,
730306,1,-1.0,0.0,,
731398,1,-1.0,7.0,,
731820,1,8.0,-1.0,,
732337,1,-1.0,0.0,,
732406,1,-1.0,0.0,,
732641,1,-1.0,5.0,,
732698,1,4.0,-1.0,,
732908,1,2.0,-1.0,,
733516,1,-1.0,9.0,,
736941,1,0.0,-1.0,,
737597,1,8.0,-1.0,,
737973,1,-1.0,7.0,,
738173,1,-1.0,6.0,,
738525,1,6.0,-1.0,,
739139,1,-1.0,9.0,,
739344,1,8.0,-1.0,,
739885,1,7.0,-1.0,,
740628,1,-1.0,9.0,,
740842,1,4.0,-1.0,,
741364,1,-1.0,9.0,,
741811,1,7.0,-1.0,,
742971,1,6.0,-1.0,,
743247,1,3.0,-1.0,,
743842,1,3.0,-1.0,,
744054,1,-1.0,2.0,,
744535,1,6.0,-1.0,,
745497,1,2.0,-1.0,,
746663,1,7.0,-1.0,,
747265,1,9.0,-1.0,,
747511,1,3.0,-1.0,,
747768,1,-1.0,2.0,,
747986,1,-1.0,9.0,,
749104,1,-1.0,4.0,,
749912,1,7.0,-1.0,,
750747,1,6.0,-1.0,,
752114,1,-1.0,4.0,,
752193,1,7.0,-1.0,,
753188,1,8.0,-1.0,,
753504,1,-1.0,9.0,,
754277,1,0.0,-1.0,,
754341,1,1.0,-1.0,,
754757,1,0.0,-1.0,,
755671,1,-1.0,0.0,,
756061,1,-1.0,0.0,,
756118,1,-1.0,6.0,,
756796,1,7.0,-1.0,,
757555,1,-1.0,5.0,,
759314,1,-1.0,2.0,,
760243,1,4.0,-1.0,,
760810,1,4.0,-1.0,,
761025,1,5.0,-1.0,,
761026,1,3.0,-1.0,,
761211,1,-1.0,9.0,,
764954,1,-1.0,6.0,,
765239,1,-1.0,6.0,,
765661,1,9.0,-1.0,,
766490,1,-1.0,8.0,,
767101,1,0.0,-1.0,,
767626,1,0.0,-1.0,,
767945,1,6.0,-1.0,,
768037,1,1.0,-1.0,,
768067,1,-1.0,9.0,,
768123,1,-1.0,5.0,,
769375,1,0.0,-1.0,,
769822,1,-1.0,3.0,,
770281,1,-1.0,8.0,,
770462,1,-1.0,1.0,,
770521,1,-1.0,4.0,,
771157,1,9.0,-1.0,,
772476,1,-1.0,8.0,,
772509,1,-1.0,4.0,,
772685,1,6.0,-1.0,,
772829,1,-1.0,7.0,,
772863,1,-1.0,4.0,,
773844,1,0.0,-1.0,,
777362,1,8.0,-1.0,,
778103,1,7.0,-1.0,,
778190,1,2.0,-1.0,,
780275,1,0.0,-1.0,,
780342,1,2.0,-1.0,,
780378,1,-1.0,0.0,,
781490,1,1.0,-1.0,,
781618,1,3.0,-1.0,,
782565,1,-1.0,2.0,,
782917,1,3.0,-1.0,,
783013,1,-1.0,6.0,,
783209,1,6.0,-1.0,,
784578,1,-1.0,9.0,,
784601,1,0.0,-1.0,,
784640,1,-1.0,8.0,,
784678,1,6.0,-1.0,,
785362,1,7.0,-1.0,,
785427,1,-1.0,2.0,,
785614,1,1.0,-1.0,,
788142,1,6.0,-1.0,,
788479,1,9.0,-1.0,,
789545,1,-1.0,5.0,,
789663,1,-1.0,1.0,,
789740,1,9.0,-1.0,,
790064,1,-1.0,9.0,,
790114,1,1.0,-1.0,,
791207,1,-1.0,9.0,,
791404,1,-1.0,3.0,,
792547,1,-1.0,6.0,,
792697,1,7.0,-1.0,,
793304,1,-1.0,3.0,,
793326,1,-1.0,1.0,,
793838,1,5.0,-1.0,,
794830,1,4.0,-1.0,,
795568,1,7.0,-1.0,,
796276,1,2.0,-1.0,,
796685,1,0.0,-1.0,,
797281,1,9.0,-1.0,,
797686,1,-1.0,7.0,,
797930,1,3.0,-1.0,,
798813,1,-1.0,2.0,,
798828,1,-1.0,3.0,,
798860,1,-1.0,2.0,,
799141,1,8.0,-1.0,,
799556,1,4.0,-1.0,,
799872,1,-1.0,0.0,,
802455,1,1.0,-1.0,,
803469,1,3.0,-1.0,,
803706,1,2.0,-1.0,,
804126,1,-1.0,2.0,,
804601,1,-1.0,2.0,,
805139,1,-1.0,2.0,,
805725,1,0.0,-1.0,,
807171,1,-1.0,5.0,,
808359,1,-1.0,0.0,,
808397,1,-1.0,3.0,,
809453,1,3.0,-1.0,,
809814,1,-1.0,1.0,,
809870,1,5.0,-1.0,,
810036,1,8.0,-1.0,,
810689,1,-1.0,9.0,,
810749,1,-1.0,2.0,,
811369,1,3.0,-1.0,,
811625,1,5.0,-1.0,,
812635,1,4.0,-1.0,,
813373,1,-1.0,6.0,,
813499,1,7.0,-1.0,,
814402,1,-1.0,6.0,,
814915,1,9.0,-1.0,,
815420,1,2.0,-1.0,,
816359,1,9.0,-1.0,,
817110,1,4.0,-1.0,,
817925,1,-1.0,8.0,,
818636,1,2.0,-1.0,,
819317,1,0.0,-1.0,,
819353,1,-1.0,1.0,,
820766,1,-1.0,7.0,,
820780,1,7.0,-1.0,,
821407,1,0.0,-1.0,,
821616,1,-1.0,0.0,,
821804,1,-1.0,3.0,,
821889,1,7.0,-1.0,,
822406,1,-1.0,5.0,,
824021,1,3.0,-1.0,,
824757,1,-1.0,3.0,,
824978,1,-1.0,1.0,,
826053,1,-1.0,5.0,,
826060,1,3.0,-1.0,,
826693,1,6.0,-1.0,,
827098,1,-1.0,7.0,,
827662,1,-1.0,0.0,,
827812,1,0.0,-1.0,,
828022,1,-1.0,7.0,,
828552,1,2.0,-1.0,,
829100,1,1.0,-1.0,,
830455,1,-1.0,6.0,,
830591,1,1.0,-1.0,,
831698,1,-1.0,5.0,,
831902,1,-1.0,3.0,,
832278,1,5.0,-1.0,,
832557,1,-1.0,0.0,,
833881,1,-1.0,1.0,,
834138,1,-1.0,7.0,,
834258,1,9.0,-1.0,,
834481,1,1.0,-1.0,,
834538,1,-1.0,0.0,,
834594,1,5.0,-1.0,,
834969,1,-1.0,3.0,,
835820,1,-1.0,8.0,,
835919,1,-1.0,6.0,,
836184,1,3.0,-1.0,,
837354,1,8.0,-1.0,,
837829,1,-1.0,4.0,,
837882,1,7.0,-1.0,,
837924,1,-1.0,4.0,,
837987,1,-1.0,4.0,,
839160,1,-1.0,2.0,,
839299,1,5.0,-1.0,,
840411,1,4.0,-1.0,,
840597,1,0.0,-1.0,,
841664,1,3.0,-1.0,,
841694,1,9.0,-1.0,,
842604,1,-1.0,9.0,,
842656,1,1.0,-1.0,,
842681,1,3.0,-1.0,,
842883,1,-1.0,0.0,,
843739,1,-1.0,0.0,,
844716,1,9.0,-1.0,,
845307,1,-1.0,9.0,,
845958,1,2.0,-1.0,,
846599,1,-1.0,8.0,,
847559,1,3.0,-1.0,,
847796,1,9.0,-1.0,,
847942,1,-1.0,7.0,,
848129,1,3.0,-1.0,,
848168,1,2.0,-1.0,,
848819,1,-1.0,2.0,,
849935,1,-1.0,5.0,,
850000,1,5.0,-1.0,,
850037,1,8.0,-1.0,,
850246,1,-1.0,6.0,,
850874,1,8.0,-1.0,,
851486,1,4.0,-1.0,,
851821,1,0.0,-1.0,,
852098,1,-1.0,1.0,,
853488,1,-1.0,8.0,,
855127,1,-1.0,2.0,,
855528,1,1.0,-1.0,,
855807,1,-1.0,8.0,,
856010,1,-1.0,7.0,,
856726,1,-1.0,9.0,,
857036,1,4.0,-1.0,,
857352,1,-1.0,3.0,,
857827,1,0.0,-1.0,,
858075,1,-1.0,8.0,,
858229,1,4.0,-1.0,,
858726,1,-1.0,3.0,,
858727,1,-1.0,1.0,,
861203,1,-1.0,3.0,,
861444,1,7.0,-1.0,,
862178,1,-1.0,1.0,,
863008,1,7.0,-1.0,,
863168,1,0.0,-1.0,,
863217,1,1.0,-1.0,,
863727,1,5.0,-1.0,,
864212,1,-1.0,8.0,,
864283,1,-1.0,6.0,,
864942,1,-1.0,4.0,,
865552,1,-1.0,5.0,,
866574,1,7.0,-1.0,,
867726,1,-1.0,9.0,,
868941,1,-1.0,6.0,,
869321,1,4.0,-1.0,,
870300,1,4.0,-1.0,,
870497,1,1.0,-1.0,,
870737,1,-1.0,5.0,,
873198,1,-1.0,3.0,,
874467,1,4.0,-1.0,,
874822,1,-1.0,2.0,,
875215,1,-1.0,1.0,,
875583,1,-1.0,7.0,,
875844,1,-1.0,4.0,,
877083,1,-1.0,4.0,,
877824,1,-1.0,3.0,,
878099,1,-1.0,8.0,,
879019,1,5.0,-1.0,,
879212,1,2.0,-1.0,,
879704,1,3.0,-1.0,,
880225,1,-1.0,8.0,,
881398,1,-1.0,3.0,,
882286,1,-1.0,7.0,,
882577,1,-1.0,8.0,,
882932,1,-1.0,8.0,,
883772,1,-1.0,3.0,,
883876,1,-1.0,0.0,,
884134,1,0.0,-1.0,,
884339,1,2.0,-1.0,,
885617,1,-1.0,7.0,,
885693,1,-1.0,3.0,,
885700,1,-1.0,3.0,,
885866,1,-1.0,5.0,,
887363,1,-1.0,0.0,,
887460,1,-1.0,7.0,,
888598,1,5.0,-1.0,,
888656,1,9.0,-1.0,,
888711,1,4.0,-1.0,,
888918,1,4.0,-1.0,,
889222,1,-1.0,5.0,,
891008,1,0.0,-1.0,,
891302,1,1.0,-1.0,,
892122,1,9.0,-1.0,,
894107,1,-1.0,9.0,,
895577,1,-1.0,5.0,,
895583,1,4.0,-1.0,,
895801,1,-1.0,1.0,,
896288,1,3.0,-1.0,,
896644,1,-1.0,9.0,,
897373,1,1.0,-1.0,,
897902,1,1.0,-1.0,,
899301,1,4.0,-1.0,,
900898,1,-1.0,3.0,,
902650,1,8.0,-1.0,,
902978,1,9.0,-1.0,,
903191,1,-1.0,1.0,,
903620,1,-1.0,9.0,,
904682,1,-1.0,4.0,,
905063,1,5.0,-1.0,,
906058,1,-1.0,0.0,,
906446,1,2.0,-1.0,,
906519,1,6.0,-1.0,,
906688,1,3.0,-1.0,,
906990,1,6.0,-1.0,,
907496,1,-1.0,2.0,,
907671,1,-1.0,5.0,,
908101,1,-1.0,1.0,,
908480,1,9.0,-1.0,,
910349,1,8.0,-1.0,,
911900,1,-1.0,1.0,,
913669,1,-1.0,0.0,,
913922,1,-1.0,5.0,,
914336,1,0.0,-1.0,,
915138,1,8.0,-1.0,,
916624,1,6.0,-1.0,,
916760,1,-1.0,6.0,,
916772,1,3.0,-1.0,,
917433,1,0.0,-1.0,,
917624,1,-1.0,4.0,,
917648,1,-1.0,2.0,,
919174,1,-1.0,6.0,,
919745,1,9.0,-1.0,,
920718,1,2.0,-1.0,,
921812,1,-1.0,0.0,,
921853,1,-1.0,4.0,,
922053,1,6.0,-1.0,,
922181,1,4.0,-1.0,,
923006,1,-1.0,9.0,,
925608,1,6.0,-1.0,,
926356,1,-1.0,7.0,,
926618,1,9.0,-1.0,,
927438,1,8.0,-1.0,,
927515,1,-1.0,4.0,,
929081,1,1.0,-1.0,,
929144,1,-1.0,0.0,,
929713,1,-1.0,1.0,,
930506,1,4.0,-1.0,,
931134,1,-1.0,9.0,,
931507,1,3.0,-1.0,,
932286,1,9.0,-1.0,,
932372,1,6.0,-1.0,,
932718,1,3.0,-1.0,,
933154,1,-1.0,8.0,,
933655,1,4.0,-1.0,,
934617,1,-1.0,1.0,,
935575,1,-1.0,5.0,,
935812,1,5.0,-1.0,,
935925,1,1.0,-1.0,,
937329,1,-1.0,2.0,,
937998,1,6.0,-1.0,,
938435,1,8.0,-1.0,,
938752,1,-1.0,6.0,,
939925,1,-1.0,8.0,,
940521,1,-1.0,8.0,,
941407,1,-1.0,4.0,,
941613,1,9.0,-1.0,,
941722,1,9.0,-1.0,,
942057,1,-1.0,9.0,,
942352,1,2.0,-1.0,,
945864,1,5.0,-1.0,,
946496,1,2.0,-1.0,,
947485,1,5.0,-1.0,,
947488,1,1.0,-1.0,,
947829,1,9.0,-1.0,,
948017,1,-1.0,4.0,,
948266,1,4.0,-1.0,,
949176,1,-1.0,1.0,,
949478,1,1.0,-1.0,,
951086,1,-1.0,5.0,,
951226,1,-1.0,8.0,,
952201,1,-1.0,9.0,,
952377,1,7.0,-1.0,,
952764,1,-1.0,0.0,,
953590,1,3.0,-1.0,,
954324,1,-1.0,9.0,,
954545,1,-1.0,3.0,,
954885,1,-1.0,0.0,,
954979,1,-1.0,2.0,,
955481,1,8.0,-1.0,,
956049,1,4.0,-1.0,,
956559,1,8.0,-1.0,,
956584,1,1.0,-1.0,,
957290,1,-1.0,4.0,,
957448,1,3.0,-1.0,,
957454,1,-1.0,0.0,,
957870,1,-1.0,3.0,,
959146,1,1.0,-1.0,,
961853,1,4.0,-1.0,,
962226,1,8.0,-1.0,,
962932,1,-1.0,7.0,,
964022,1,5.0,-1.0,,
965117,1,-1.0,9.0,,
965319,1,4.0,-1.0,,
965540,1,-1.0,6.0,,
965747,1,-1.0,7.0,,
966517,1,4.0,-1.0,,
966720,1,-1.0,4.0,,
966845,1,3.0,-1.0,,
967265,1,5.0,-1.0,,
967696,1,-1.0,1.0,,
968770,1,-1.0,2.0,,
968928,1,5.0,-1.0,,
969176,1,-1.0,8.0,,
970446,1,-1.0,6.0,,
970696,1,-1.0,8.0,,
972082,1,8.0,-1.0,,
972156,1,-1.0,4.0,,
972376,1,9.0,-1.0,,
973006,1,0.0,-1.0,,
973698,1,0.0,-1.0,,
973989,1,7.0,-1.0,,
974878,1,4.0,-1.0,,
975031,1,-1.0,3.0,,
975173,1,-1.0,1.0,,
975783,1,8.0,-1.0,,
976452,1,-1.0,8.0,,
977319,1,9.0,-1.0,,
977692,1,-1.0,1.0,,
977889,1,9.0,-1.0,,
979535,1,-1.0,9.0,,
980195,1,-1.0,2.0,,
981262,1,8.0,-1.0,,
981411,1,-1.0,2.0,,
981536,1,-1.0,9.0,,
983499,1,2.0,-1.0,,
984244,1,-1.0,0.0,,
984578,1,-1.0,6.0,,
985271,1,-1.0,0.0,,
986856,1,-1.0,6.0,,
987745,1,-1.0,8.0,,
988030,1,-1.0,3.0,,
988318,1,3.0,-1.0,,
988561,1,-1.0,1.0,,
989748,1,7.0,-1.0,,
989983,1,0.0,-1.0,,
990239,1,-1.0,8.0,,
990400,1,3.0,-1.0,,
990433,1,1.0,-1.0,,
991129,1,4.0,-1.0,,
991219,1,-1.0,3.0,,
991474,1,-1.0,9.0,,
991542,1,-1.0,7.0,,
992054,1,-1.0,8.0,,
992123,1,-1.0,4.0,,
993189,1,-1.0,5.0,,
993740,1,9.0,-1.0,,
994638,1,4.0,-1.0,,
995440,1,-1.0,6.0,,
996880,1,2.0,-1.0,,
997327,1,-1.0,4.0,,
997329,1,-1.0,3.0,,
997497,1,3.0,-1.0,,
998902,1,-1.0,9.0,,
1001116,1,6.0,-1.0,,
1001167,1,8.0,-1.0,,
1001676,1,6.0,-1.0,,
1001773,1,7.0,-1.0,,
1002410,1,9.0,-1.0,,
1002661,1,-1.0,9.0,,
1002854,1,-1.0,5.0,,
1005589,1,7.0,-1.0,,
1006385,1,-1.0,4.0,,
1007381,1,-1.0,1.0,,
1007714,1,5.0,-1.0,,
1008188,1,-1.0,9.0,,
1008378,1,8.0,-1.0,,
1008498,1,1.0,-1.0,,
1008673,1,-1.0,8.0,,
1009373,1,4.0,-1.0,,
1010469,1,8.0,-1.0,,
1010528,1,-1.0,6.0,,
1011114,1,1.0,-1.0,,
1011541,1,-1.0,6.0,,
1011746,1,-1.0,4.0,,
1012040,1,1.0,-1.0,,
1012671,1,9.0,-1.0,,
1013587,1,8.0,-1.0,,
1013797,1,0.0,-1.0,,
1014241,1,-1.0,2.0,,
1015832,1,-1.0,0.0,,
1015943,1,0.0,-1.0,,
1016482,1,3.0,-1.0,,
1019232,1,0.0,-1.0,,
1020927,1,-1.0,4.0,,
1358,2,,-1.0,9.0,
1548,2,,-1.0,5.0,
1564,2,,-1.0,8.0,
2949,2,,8.0,-1.0,
3950,2,,4.0,-1.0,
4195,2,,-1.0,1.0,
4851,2,,-1.0,2.0,
5033,2,,9.0,-1.0,
5064,2,,-1.0,4.0,
5653,2,,-1.0,7.0,
5896,2,,2.0,-1.0,
6635,2,,-1.0,5.0,
6738,2,,-1.0,3.0,
6855,2,,9.0,-1.0,
8327,2,,-1.0,1.0,
9371,2,,7.0,-1.0,
9458,2,,-1.0,8.0,
9682,2,,7.0,-1.0,
9751,2,,-1.0,1.0,
10900,2,,-1.0,5.0,
11137,2,,3.0,-1.0,
11664,2,,-1.0,8.0,
13004,2,,4.0,-1.0,
13025,2,,-1.0,2.0,
15552,2,,-1.0,2.0,
15814,2,,-1.0,2.0,
16031,2,,6.0,-1.0,
16542,2,,-1.0,4.0,
16545,2,,5.0,-1.0,
17330,2,,1.0,-1.0,
18317,2,,6.0,-1.0,
18743,2,,-1.0,0.0,
18828,2,,3.0,-1.0,
20143,2,,0.0,-1.0,
20377,2,,1.0,-1.0,
20496,2,,-1.0,9.0,
20682,2,,7.0,-1.0,
21226,2,,5.0,-1.0,
21812,2,,-1.0,8.0,
22608,2,,9.0,-1.0,
23015,2,,6.0,-1.0,
23174,2,,9.0,-1.0,
23441,2,,-1.0,9.0,
23571,2,,4.0,-1.0,
24489,2,,7.0,-1.0,
25287,2,,6.0,-1.0,
26061,2,,-1.0,4.0,
26678,2,,7.0,-1.0,
27900,2,,-1.0,3.0,
28605,2,,-1.0,6.0,
29322,2,,-1.0,1.0,
29450,2,,-1.0,2.0,
30046,2,,-1.0,8.0,
30145,2,,3.0,-1.0,
31490,2,,0.0,-1.0,
31550,2,,-1.0,6.0,
31639,2,,-1.0,0.0,
32415,2,,-1.0,8.0,
32623,2,,-1.0,6.0,
32875,2,,-1.0,1.0,
33094,2,,9.0,-1.0,
34290,2,,-1.0,3.0,
35532,2,,-1.0,3.0,
35599,2,,0.0,-1.0,
36220,2,,0.0,-1.0,
36446,2,,2.0,-1.0,
36601,2,,-1.0,8.0,
36717,2,,-1.0,1.0,
39067,2,,-1.0,4.0,
39213,2,,-1.0,3.0,
39311,2,,7.0,-1.0,
39396,2,,-1.0,6.0,
39716,2,,-1.0,8.0,
39825,2,,-1.0,6.0,
40308,2,,2.0,-1.0,
40331,2,,-1.0,5.0,
41549,2,,-1.0,3.0,
42049,2,,-1.0,7.0,
42227,2,,1.0,-1.0,
42393,2,,0.0,-1.0,
43022,2,,-1.0,3.0,
44091,2,,-1.0,3.0,
44138,2,,9.0,-1.0,
44543,2,,-1.0,4.0,
45669,2,,8.0,-1.0,
45876,2,,-1.0,4.0,
46680,2,,8.0,-1.0,
46843,2,,6.0,-1.0,
47637,2,,-1.0,5.0,
51443,2,,0.0,-1.0,
51755,2,,6.0,-1.0,
53209,2,,8.0,-1.0,
53416,2,,-1.0,5.0,
53501,2,,-1.0,7.0,
55167,2,,4.0,-1.0,
55337,2,,5.0,-1.0,
56211,2,,9.0,-1.0,
56475,2,,2.0,-1.0,
56852,2,,1.0,-1.0,
57600,2,,-1.0,7.0,
57797,2,,6.0,-1.0,
58924,2,,0.0,-1.0,
59335,2,,-1.0,9.0,
59745,2,,3.0,-1.0,
60048,2,,-1.0,1.0,
60732,2,,-1.0,5.0,
61213,2,,3.0,-1.0,
61799,2,,-1.0,3.0,
62013,2,,2.0,-1.0,
63077,2,,9.0,-1.0,
63490,2,,7.0,-1.0,
63531,2,,7.0,-1.0,
65717,2,,1.0,-1.0,
66572,2,,-1.0,3.0,
68238,2,,-1.0,3.0,
69272,2,,7.0,-1.0,
69558,2,,2.0,-1.0,
70645,2,,-1.0,5.0,
70814,2,,8.0,-1.0,
73313,2,,3.0,-1.0,
74422,2,,-1.0,4.0,
74743,2,,3.0,-1.0,
74748,2,,-1.0,0.0,
76666,2,,-1.0,3.0,
78019,2,,0.0,-1.0,
79307,2,,-1.0,5.0,
81765,2,,-1.0,3.0,
82483,2,,-1.0,0.0,
84031,2,,6.0,-1.0,
84341,2,,7.0,-1.0,
85799,2,,-1.0,3.0,
86601,2,,-1.0,3.0,
87818,2,,3.0,-1.0,
87990,2,,-1.0,4.0,
87998,2,,0.0,-1.0,
88533,2,,-1.0,4.0,
89215,2,,8.0,-1.0,
89606,2,,-1.0,1.0,
89763,2,,-1.0,7.0,
90376,2,,-1.0,6.0,
90424,2,,-1.0,0.0,
90432,2,,7.0,-1.0,
90504,2,,-1.0,6.0,
90930,2,,-1.0,9.0,
91572,2,,-1.0,8.0,
93534,2,,-1.0,6.0,
94218,2,,7.0,-1.0,
94927,2,,-1.0,0.0,
95714,2,,-1.0,9.0,
95894,2,,-1.0,8.0,
96175,2,,8.0,-1.0,
96221,2,,7.0,-1.0,
97650,2,,-1.0,2.0,
98267,2,,3.0,-1.0,
98337,2,,-1.0,6.0,
98411,2,,4.0,-1.0,
99162,2,,-1.0,5.0,
99772,2,,-1.0,7.0,
104006,2,,-1.0,7.0,
104715,2,,3.0,-1.0,
104857,2,,-1.0,6.0,
105017,2,,5.0,-1.0,
105322,2,,2.0,-1.0,
106025,2,,-1.0,1.0,
106348,2,,-1.0,4.0,
107534,2,,1.0,-1.0,
107580,2,,1.0,-1.0,
107793,2,,6.0,-1.0,
108176,2,,4.0,-1.0,
108567,2,,-1.0,5.0,
109035,2,,0.0,-1.0,
109057,2,,7.0,-1.0,
109507,2,,6.0,-1.0,
109834,2,,1.0,-1.0,
109969,2,,9.0,-1.0,
110460,2,,-1.0,3.0,
110636,2,,-1.0,5.0,
112106,2,,-1.0,8.0,
113077,2,,-1.0,7.0,
113793,2,,3.0,-1.0,
113902,2,,-1.0,6.0,
115515,2,,8.0,-1.0,
115794,2,,7.0,-1.0,
116166,2,,-1.0,1.0,
116455,2,,7.0,-1.0,
116659,2,,-1.0,9.0,
117229,2,,-1.0,2.0,
119093,2,,-1.0,3.0,
121011,2,,-1.0,9.0,
121089,2,,-1.0,7.0,
122348,2,,9.0,-1.0,
122989,2,,4.0,-1.0,
123225,2,,8.0,-1.0,
125206,2,,-1.0,7.0,
125340,2,,-1.0,2.0,
125972,2,,-1.0,6.0,
126853,2,,0.0,-1.0,
128610,2,,8.0,-1.0,
128649,2,,4.0,-1.0,
129615,2,,-1.0,2.0,
131444,2,,0.0,-1.0,
131473,2,,-1.0,1.0,
131685,2,,-1.0,9.0,
131847,2,,-1.0,7.0,
132174,2,,6.0,-1.0,
132446,2,,7.0,-1.0,
132675,2,,9.0,-1.0,
132900,2,,3.0,-1.0,
133937,2,,4.0,-1.0,
134541,2,,-1.0,6.0,
134928,2,,-1.0,6.0,
135720,2,,-1.0,9.0,
136170,2,,7.0,-1.0,
136455,2,,8.0,-1.0,
136484,2,,-1.0,6.0,
136495,2,,-1.0,8.0,
136610,2,,-1.0,2.0,
137184,2,,8.0,-1.0,
137797,2,,3.0,-1.0,
138066,2,,1.0,-1.0,
138148,2,,-1.0,1.0,
138292,2,,8.0,-1.0,
138719,2,,7.0,-1.0,
140288,2,,-1.0,2.0,
140919,2,,-1.0,9.0,
140998,2,,6.0,-1.0,
141034,2,,6.0,-1.0,
141095,2,,-1.0,4.0,
141366,2,,-1.0,8.0,
142521,2,,-1.0,1.0,
142778,2,,3.0,-1.0,
143240,2,,2.0,-1.0,
144960,2,,9.0,-1.0,
145324,2,,-1.0,8.0,
145628,2,,-1.0,2.0,
146111,2,,-1.0,3.0,
146218,2,,-1.0,2.0,
146504,2,,6.0,-1.0,
146525,2,,-1.0,6.0,
147429,2,,-1.0,6.0,
147716,2,,9.0,-1.0,
147963,2,,-1.0,4.0,
148621,2,,7.0,-1.0,
148701,2,,6.0,-1.0,
149529,2,,-1.0,1.0,
149650,2,,5.0,-1.0,
149827,2,,-1.0,6.0,
150163,2,,2.0,-1.0,
151529,2,,-1.0,7.0,
151845,2,,5.0,-1.0,
153092,2,,0.0,-1.0,
153579,2,,4.0,-1.0,
153605,2,,-1.0,8.0,
153671,2,,2.0,-1.0,
154195,2,,-1.0,6.0,
154492,2,,5.0,-1.0,
154560,2,,6.0,-1.0,
156065,2,,9.0,-1.0,
158194,2,,-1.0,3.0,
158814,2,,-1.0,2.0,
158816,2,,-1.0,3.0,
158980,2,,-1.0,2.0,
159012,2,,1.0,-1.0,
159313,2,,6.0,-1.0,
159383,2,,-1.0,6.0,
159462,2,,4.0,-1.0,
159750,2,,-1.0,6.0,
160852,2,,-1.0,0.0,
161757,2,,9.0,-1.0,
162342,2,,-1.0,3.0,
162606,2,,-1.0,7.0,
162991,2,,-1.0,4.0,
163167,2,,-1.0,8.0,
163475,2,,6.0,-1.0,
164210,2,,4.0,-1.0,
164260,2,,0.0,-1.0,
165116,2,,5.0,-1.0,
165157,2,,-1.0,6.0,
165995,2,,9.0,-1.0,
166409,2,,8.0,-1.0,
166767,2,,7.0,-1.0,
167352,2,,4.0,-1.0,
167394,2,,-1.0,2.0,
167487,2,,-1.0,9.0,
169263,2,,0.0,-1.0,
171272,2,,0.0,-1.0,
171613,2,,3.0,-1.0,
172456,2,,1.0,-1.0,
172728,2,,-1.0,4.0,
172840,2,,-1.0,4.0,
174027,2,,-1.0,0.0,
174723,2,,9.0,-1.0,
176570,2,,8.0,-1.0,
177605,2,,0.0,-1.0,
178188,2,,0.0,-1.0,
178475,2,,-1.0,2.0,
178505,2,,-1.0,7.0,
179198,2,,-1.0,9.0,
179956,2,,-1.0,9.0,
180751,2,,4.0,-1.0,
181101,2,,1.0,-1.0,
181473,2,,0.0,-1.0,
181540,2,,-1.0,0.0,
182412,2,,-1.0,0.0,
182569,2,,-1.0,4.0,
182796,2,,6.0,-1.0,
183556,2,,8.0,-1.0,
183894,2,,-1.0,2.0,
184099,2,,9.0,-1.0,
184457,2,,-1.0,8.0,
184530,2,,2.0,-1.0,
184554,2,,-1.0,9.0,
184633,2,,-1.0,5.0,
184643,2,,-1.0,4.0,
184655,2,,7.0,-1.0,
184713,2,,-1.0,9.0,
185356,2,,9.0,-1.0,
185883,2,,1.0,-1.0,
186035,2,,0.0,-1.0,
187317,2,,3.0,-1.0,
187831,2,,6.0,-1.0,
188396,2,,9.0,-1.0,
189532,2,,6.0,-1.0,
189889,2,,9.0,-1.0,
190633,2,,-1.0,8.0,
190647,2,,5.0,-1.0,
191323,2,,-1.0,3.0,
191402,2,,5.0,-1.0,
191474,2,,6.0,-1.0,
191639,2,,-1.0,7.0,
191737,2,,-1.0,3.0,
191927,2,,0.0,-1.0,
192000,2,,-1.0,7.0,
193046,2,,0.0,-1.0,
194004,2,,-1.0,4.0,
194114,2,,-1.0,3.0,
194297,2,,6.0,-1.0,
194548,2,,5.0,-1.0,
196469,2,,9.0,-1.0,
196904,2,,-1.0,4.0,
196946,2,,5.0,-1.0,
197099,2,,1.0,-1.0,
198284,2,,0.0,-1.0,
198867,2,,8.0,-1.0,
199737,2,,-1.0,0.0,
200790,2,,-1.0,7.0,
201587,2,,1.0,-1.0,
201650,2,,0.0,-1.0,
202137,2,,7.0,-1.0,
202141,2,,-1.0,5.0,
202191,2,,-1.0,3.0,
203120,2,,-1.0,1.0,
204131,2,,-1.0,9.0,
204159,2,,-1.0,0.0,
205025,2,,4.0,-1.0,
205118,2,,7.0,-1.0,
205420,2,,5.0,-1.0,
206925,2,,-1.0,0.0,
207478,2,,-1.0,0.0,
207629,2,,6.0,-1.0,
207694,2,,-1.0,5.0,
208002,2,,-1.0,9.0,
209050,2,,5.0,-1.0,
209139,2,,7.0,-1.0,
209965,2,,-1.0,2.0,
210009,2,,8.0,-1.0,
210017,2,,8.0,-1.0,
211301,2,,8.0,-1.0,
211355,2,,2.0,-1.0,
211411,2,,5.0,-1.0,
211432,2,,-1.0,3.0,
212675,2,,-1.0,3.0,
213889,2,,1.0,-1.0,
213973,2,,-1.0,1.0,
214000,2,,-1.0,0.0,
214514,2,,-1.0,4.0,
215364,2,,-1.0,4.0,
215473,2,,0.0,-1.0,
216150,2,,-1.0,8.0,
216596,2,,2.0,-1.0,
216969,2,,7.0,-1.0,
217982,2,,-1.0,9.0,
218777,2,,-1.0,6.0,
219228,2,,2.0,-1.0,
219321,2,,-1.0,8.0,
219711,2,,2.0,-1.0,
220582,2,,-1.0,5.0,
220659,2,,7.0,-1.0,
220907,2,,-1.0,9.0,
221406,2,,0.0,-1.0,
222922,2,,8.0,-1.0,
224107,2,,5.0,-1.0,
224305,2,,-1.0,5.0,
225189,2,,-1.0,1.0,
225762,2,,0.0,-1.0,
225869,2,,-1.0,7.0,
226334,2,,2.0,-1.0,
226470,2,,3.0,-1.0,
228258,2,,1.0,-1.0,
228280,2,,4.0,-1.0,
229571,2,,5.0,-1.0,
229701,2,,-1.0,0.0,
231911,2,,6.0,-1.0,
233519,2,,9.0,-1.0,
233569,2,,-1.0,4.0,
233585,2,,6.0,-1.0,
234181,2,,2.0,-1.0,
235146,2,,-1.0,9.0,
235200,2,,-1.0,1.0,
236022,2,,6.0,-1.0,
236782,2,,3.0,-1.0,
236981,2,,8.0,-1.0,
238607,2,,7.0,-1.0,
239775,2,,-1.0,7.0,
240793,2,,-1.0,8.0,
240868,2,,-1.0,6.0,
243769,2,,5.0,-1.0,
246191,2,,-1.0,2.0,
246382,2,,-1.0,1.0,
246523,2,,9.0,-1.0,
246770,2,,-1.0,7.0,
247176,2,,-1.0,3.0,
247461,2,,-1.0,9.0,
247790,2,,2.0,-1.0,
247988,2,,7.0,-1.0,
249018,2,,-1.0,9.0,
249764,2,,-1.0,4.0,
249776,2,,-1.0,4.0,
250740,2,,-1.0,5.0,
251281,2,,5.0,-1.0,
251335,2,,-1.0,7.0,
252039,2,,6.0,-1.0,
252295,2,,-1.0,6.0,
252841,2,,-1.0,0.0,
252987,2,,-1.0,0.0,
253463,2,,4.0,-1.0,
253514,2,,-1.0,8.0,
255088,2,,9.0,-1.0,
257316,2,,0.0,-1.0,
260337,2,,-1.0,5.0,
260586,2,,-1.0,4.0,
260974,2,,8.0,-1.0,
261672,2,,-1.0,8.0,
261954,2,,-1.0,2.0,
262382,2,,8.0,-1.0,
264273,2,,2.0,-1.0,
264517,2,,1.0,-1.0,
265228,2,,5.0,-1.0,
265478,2,,4.0,-1.0,
266424,2,,-1.0,6.0,
267140,2,,-1.0,9.0,
268376,2,,5.0,-1.0,
268822,2,,4.0,-1.0,
269956,2,,6.0,-1.0,
270022,2,,-1.0,3.0,
270338,2,,-1.0,7.0,
271466,2,,5.0,-1.0,
271861,2,,5.0,-1.0,
272243,2,,9.0,-1.0,
273505,2,,1.0,-1.0,
275047,2,,6.0,-1.0,
276031,2,,-1.0,4.0,
276056,2,,-1.0,5.0,
276514,2,,5.0,-1.0,
276607,2,,6.0,-1.0,
277688,2,,0.0,-1.0,
279529,2,,-1.0,3.0,
280623,2,,-1.0,2.0,
280677,2,,0.0,-1.0,
281036,2,,1.0,-1.0,
281062,2,,3.0,-1.0,
281299,2,,-1.0,8.0,
281409,2,,4.0,-1.0,
282080,2,,-1.0,0.0,
282463,2,,-1.0,4.0,
282805,2,,6.0,-1.0,
283051,2,,0.0,-1.0,
283265,2,,-1.0,6.0,
283409,2,,-1.0,9.0,
283421,2,,-1.0,2.0,
283514,2,,-1.0,7.0,
283779,2,,-1.0,4.0,
285951,2,,8.0,-1.0,
286698,2,,5.0,-1.0,
286762,2,,1.0,-1.0,
286964,2,,-1.0,8.0,
287016,2,,9.0,-1.0,
287410,2,,-1.0,8.0,
289805,2,,-1.0,1.0,
289887,2,,8.0,-1.0,
290140,2,,9.0,-1.0,
290358,2,,-1.0,3.0,
290463,2,,-1.0,0.0,
291749,2,,1.0,-1.0,
292433,2,,0.0,-1.0,
292451,2,,-1.0,0.0,
293663,2,,-1.0,9.0,
294161,2,,3.0,-1.0,
294913,2,,5.0,-1.0,
295109,2,,-1.0,4.0,
296255,2,,7.0,-1.0,
296542,2,,-1.0,3.0,
296839,2,,-1.0,0.0,
297384,2,,8.0,-1.0,
297584,2,,8.0,-1.0,
297762,2,,-1.0,9.0,
298340,2,,-1.0,2.0,
298565,2,,9.0,-1.0,
298893,2,,-1.0,3.0,
299079,2,,3.0,-1.0,
299336,2,,3.0,-1.0,
299645,2,,3.0,-1.0,
300633,2,,-1.0,5.0,
301145,2,,-1.0,6.0,
302272,2,,-1.0,1.0,
302408,2,,6.0,-1.0,
302831,2,,-1.0,1.0,
304813,2,,-1.0,9.0,
305882,2,,3.0,-1.0,
306479,2,,1.0,-1.0,
307194,2,,1.0,-1.0,
307513,2,,4.0,-1.0,
307812,2,,-1.0,9.0,
308407,2,,6.0,-1.0,
309273,2,,8.0,-1.0,
309572,2,,-1.0,0.0,
310733,2,,-1.0,1.0,
310832,2,,6.0,-1.0,
311077,2,,-1.0,2.0,
311737,2,,-1.0,8.0,
312693,2,,3.0,-1.0,
312797,2,,-1.0,1.0,
313232,2,,-1.0,5.0,
314211,2,,5.0,-1.0,
314456,2,,1.0,-1.0,
315154,2,,-1.0,9.0,
315189,2,,-1.0,8.0,
315219,2,,-1.0,0.0,
315334,2,,-1.0,3.0,
315955,2,,2.0,-1.0,
316108,2,,4.0,-1.0,
316169,2,,6.0,-1.0,
316174,2,,2.0,-1.0,
316200,2,,1.0,-1.0,
316219,2,,-1.0,4.0,
316661,2,,-1.0,7.0,
316890,2,,-1.0,5.0,
317074,2,,-1.0,2.0,
317344,2,,8.0,-1.0,
317605,2,,-1.0,2.0,
318243,2,,-1.0,8.0,
318735,2,,6.0,-1.0,
318863,2,,6.0,-1.0,
319853,2,,-1.0,8.0,
320762,2,,1.0,-1.0,
322060,2,,-1.0,8.0,
322219,2,,6.0,-1.0,
322760,2,,-1.0,6.0,
322875,2,,-1.0,5.0,
322952,2,,-1.0,3.0,
324046,2,,-1.0,3.0,
324546,2,,4.0,-1.0,
325560,2,,-1.0,0.0,
325647,2,,9.0,-1.0,
326152,2,,5.0,-1.0,
327379,2,,-1.0,2.0,
329103,2,,9.0,-1.0,
329333,2,,-1.0,7.0,
329470,2,,-1.0,6.0,
329568,2,,7.0,-1.0,
330310,2,,3.0,-1.0,
330643,2,,1.0,-1.0,
331041,2,,2.0,-1.0,
333034,2,,3.0,-1.0,
333913,2,,8.0,-1.0,
334438,2,,8.0,-1.0,
334478,2,,1.0,-1.0,
334496,2,,8.0,-1.0,
335481,2,,-1.0,7.0,
336359,2,,9.0,-1.0,
337927,2,,-1.0,4.0,
339661,2,,-1.0,4.0,
339698,2,,-1.0,1.0,
339773,2,,1.0,-1.0,
340116,2,,9.0,-1.0,
340281,2,,3.0,-1.0,
340467,2,,0.0,-1.0,
340584,2,,6.0,-1.0,
341374,2,,-1.0,1.0,
342184,2,,2.0,-1.0,
343665,2,,-1.0,0.0,
344058,2,,-1.0,6.0,
344197,2,,7.0,-1.0,
345668,2,,-1.0,9.0,
345737,2,,-1.0,2.0,
345839,2,,7.0,-1.0,
345882,2,,2.0,-1.0,
346192,2,,-1.0,1.0,
346895,2,,3.0,-1.0,
347011,2,,-1.0,7.0,
347233,2,,-1.0,2.0,
348009,2,,7.0,-1.0,
348105,2,,-1.0,2.0,
348168,2,,0.0,-1.0,
348431,2,,-1.0,5.0,
349469,2,,-1.0,7.0,
351156,2,,5.0,-1.0,
351618,2,,5.0,-1.0,
354867,2,,-1.0,1.0,
355022,2,,8.0,-1.0,
355108,2,,0.0,-1.0,
355327,2,,-1.0,2.0,
356662,2,,8.0,-1.0,
356838,2,,-1.0,7.0,
356964,2,,-1.0,4.0,
358482,2,,-1.0,3.0,
358629,2,,8.0,-1.0,
359892,2,,0.0,-1.0,
360504,2,,-1.0,1.0,
360585,2,,-1.0,2.0,
360803,2,,2.0,-1.0,
361019,2,,5.0,-1.0,
361767,2,,2.0,-1.0,
362356,2,,-1.0,5.0,
362369,2,,-1.0,0.0,
362831,2,,-1.0,3.0,
364102,2,,6.0,-1.0,
364322,2,,6.0,-1.0,
364624,2,,-1.0,4.0,
365204,2,,7.0,-1.0,
365387,2,,8.0,-1.0,
366095,2,,1.0,-1.0,
366324,2,,6.0,-1.0,
366799,2,,5.0,-1.0,
367526,2,,2.0,-1.0,
368048,2,,-1.0,4.0,
368369,2,,3.0,-1.0,
369409,2,,5.0,-1.0,
371446,2,,-1.0,7.0,
371497,2,,2.0,-1.0,
372320,2,,-1.0,5.0,
372422,2,,-1.0,7.0,
372449,2,,-1.0,8.0,
372777,2,,6.0,-1.0,
372781,2,,-1.0,3.0,
373558,2,,4.0,-1.0,
373695,2,,-1.0,1.0,
373842,2,,-1.0,7.0,
374311,2,,-1.0,2.0,
374701,2,,4.0,-1.0,
375951,2,,-1.0,0.0,
376606,2,,0.0,-1.0,
376862,2,,5.0,-1.0,
377699,2,,9.0,-1.0,
377885,2,,-1.0,2.0,
377919,2,,1.0,-1.0,
378275,2,,-1.0,3.0,
378468,2,,-1.0,2.0,
378617,2,,7.0,-1.0,
378765,2,,-1.0,2.0,
380721,2,,5.0,-1.0,
380900,2,,-1.0,4.0,
381012,2,,9.0,-1.0,
381233,2,,-1.0,9.0,
381979,2,,-1.0,2.0,
382785,2,,8.0,-1.0,
385234,2,,-1.0,7.0,
386566,2,,8.0,-1.0,
386591,2,,4.0,-1.0,
386766,2,,4.0,-1.0,
387006,2,,7.0,-1.0,
387648,2,,-1.0,3.0,
388093,2,,1.0,-1.0,
389296,2,,-1.0,6.0,
389747,2,,-1.0,6.0,
389944,2,,3.0,-1.0,
389970,2,,7.0,-1.0,
390562,2,,-1.0,0.0,
390939,2,,-1.0,4.0,
390969,2,,-1.0,6.0,
392332,2,,-1.0,7.0,
392444,2,,8.0,-1.0,
392796,2,,-1.0,0.0,
392804,2,,-1.0,7.0,
393256,2,,5.0,-1.0,
393368,2,,9.0,-1.0,
394108,2,,7.0,-1.0,
397348,2,,-1.0,2.0,
397549,2,,-1.0,9.0,
397971,2,,5.0,-1.0,
398028,2,,-1.0,1.0,
398584,2,,3.0,-1.0,
398666,2,,4.0,-1.0,
399088,2,,-1.0,2.0,
399443,2,,-1.0,2.0,
400101,2,,-1.0,1.0,
400635,2,,-1.0,5.0,
401337,2,,-1.0,4.0,
401408,2,,5.0,-1.0,
401465,2,,-1.0,2.0,
403765,2,,9.0,-1.0,
404108,2,,-1.0,9.0,
404533,2,,-1.0,1.0,
405069,2,,0.0,-1.0,
406031,2,,7.0,-1.0,
406182,2,,6.0,-1.0,
406359,2,,-1.0,9.0,
406375,2,,2.0,-1.0,
406471,2,,5.0,-1.0,
408366,2,,1.0,-1.0,
411292,2,,-1.0,8.0,
411689,2,,1.0,-1.0,
411765,2,,4.0,-1.0,
412692,2,,8.0,-1.0,
412794,2,,4.0,-1.0,
413875,2,,-1.0,1.0,
414140,2,,-1.0,2.0,
414431,2,,-1.0,5.0,
414988,2,,5.0,-1.0,
415608,2,,6.0,-1.0,
417209,2,,7.0,-1.0,
417250,2,,6.0,-1.0,
417471,2,,3.0,-1.0,
418494,2,,0.0,-1.0,
420028,2,,-1.0,3.0,
420050,2,,8.0,-1.0,
420573,2,,-1.0,2.0,
420853,2,,-1.0,5.0,
421637,2,,-1.0,5.0,
422156,2,,0.0,-1.0,
424263,2,,7.0,-1.0,
424374,2,,-1.0,8.0,
426963,2,,9.0,-1.0,
427362,2,,-1.0,8.0,
430434,2,,3.0,-1.0,
430563,2,,7.0,-1.0,
431257,2,,-1.0,1.0,
431314,2,,6.0,-1.0,
431649,2,,2.0,-1.0,
431766,2,,-1.0,9.0,
432557,2,,-1.0,5.0,
432648,2,,7.0,-1.0,
432762,2,,-1.0,1.0,
433631,2,,9.0,-1.0,
434163,2,,0.0,-1.0,
434678,2,,9.0,-1.0,
435100,2,,6.0,-1.0,
435551,2,,5.0,-1.0,
438057,2,,8.0,-1.0,
438416,2,,-1.0,2.0,
438503,2,,2.0,-1.0,
439571,2,,2.0,-1.0,
440736,2,,-1.0,2.0,
441032,2,,2.0,-1.0,
441347,2,,2.0,-1.0,
442339,2,,9.0,-1.0,
442690,2,,1.0,-1.0,
444562,2,,8.0,-1.0,
445011,2,,-1.0,2.0,
445849,2,,-1.0,5.0,
446370,2,,-1.0,0.0,
446706,2,,-1.0,2.0,
446723,2,,6.0,-1.0,
447167,2,,1.0,-1.0,
448187,2,,-1.0,9.0,
448813,2,,5.0,-1.0,
450725,2,,5.0,-1.0,
451710,2,,-1.0,3.0,
452681,2,,-1.0,7.0,
452706,2,,5.0,-1.0,
452746,2,,-1.0,9.0,
453726,2,,-1.0,4.0,
454365,2,,7.0,-1.0,
455464,2,,0.0,-1.0,
456637,2,,-1.0,2.0,
457812,2,,-1.0,2.0,
458764,2,,-1.0,2.0,
460464,2,,8.0,-1.0,
461462,2,,-1.0,8.0,
462988,2,,-1.0,1.0,
463085,2,,9.0,-1.0,
463224,2,,7.0,-1.0,
463505,2,,-1.0,5.0,
463677,2,,-1.0,2.0,
464567,2,,-1.0,1.0,
464898,2,,-1.0,3.0,
465017,2,,2.0,-1.0,
465145,2,,7.0,-1.0,
465268,2,,5.0,-1.0,
465353,2,,1.0,-1.0,
465697,2,,-1.0,4.0,
465910,2,,-1.0,5.0,
466298,2,,-1.0,9.0,
466348,2,,-1.0,3.0,
467133,2,,-1.0,4.0,
467251,2,,3.0,-1.0,
468221,2,,-1.0,0.0,
468611,2,,-1.0,6.0,
470487,2,,7.0,-1.0,
470900,2,,-1.0,0.0,
471516,2,,-1.0,5.0,
471902,2,,0.0,-1.0,
472063,2,,7.0,-1.0,
473051,2,,0.0,-1.0,
473448,2,,9.0,-1.0,
475493,2,,8.0,-1.0,
475688,2,,-1.0,6.0,
475765,2,,0.0,-1.0,
476003,2,,-1.0,9.0,
476301,2,,7.0,-1.0,
476744,2,,-1.0,0.0,
476770,2,,-1.0,6.0,
477753,2,,9.0,-1.0,
477940,2,,1.0,-1.0,
478845,2,,7.0,-1.0,
481136,2,,-1.0,6.0,
481436,2,,0.0,-1.0,
481814,2,,7.0,-1.0,
482168,2,,-1.0,5.0,
482602,2,,-1.0,7.0,
482973,2,,-1.0,4.0,
483401,2,,-1.0,8.0,
483584,2,,-1.0,0.0,
484248,2,,-1.0,0.0,
485352,2,,-1.0,8.0,
485718,2,,5.0,-1.0,
487890,2,,-1.0,9.0,
489493,2,,5.0,-1.0,
489912,2,,-1.0,5.0,
490654,2,,-1.0,7.0,
492074,2,,8.0,-1.0,
493217,2,,-1.0,4.0,
493393,2,,-1.0,4.0,
494014,2,,-1.0,9.0,
494659,2,,5.0,-1.0,
496651,2,,3.0,-1.0,
496709,2,,-1.0,0.0,
497199,2,,-1.0,0.0,
497798,2,,7.0,-1.0,
498123,2,,-1.0,7.0,
498807,2,,4.0,-1.0,
498909,2,,5.0,-1.0,
499219,2,,-1.0,3.0,
500142,2,,1.0,-1.0,
500583,2,,-1.0,5.0,
501978,2,,3.0,-1.0,
502027,2,,-1.0,0.0,
502126,2,,5.0,-1.0,
502461,2,,6.0,-1.0,
502707,2,,0.0,-1.0,
503650,2,,6.0,-1.0,
504893,2,,7.0,-1.0,
505588,2,,-1.0,8.0,
506621,2,,3.0,-1.0,
506687,2,,9.0,-1.0,
507049,2,,9.0,-1.0,
508277,2,,3.0,-1.0,
510576,2,,0.0,-1.0,
510577,2,,8.0,-1.0,
510615,2,,-1.0,6.0,
511213,2,,7.0,-1.0,
511527,2,,1.0,-1.0,
512107,2,,2.0,-1.0,
512694,2,,-1.0,6.0,
513149,2,,-1.0,9.0,
513254,2,,2.0,-1.0,
513761,2,,1.0,-1.0,
514498,2,,-1.0,2.0,
515649,2,,6.0,-1.0,
516223,2,,0.0,-1.0,
516587,2,,7.0,-1.0,
517646,2,,-1.0,7.0,
518379,2,,3.0,-1.0,
519300,2,,1.0,-1.0,
520006,2,,1.0,-1.0,
520029,2,,7.0,-1.0,
520412,2,,1.0,-1.0,
520498,2,,-1.0,7.0,
521528,2,,-1.0,2.0,
521821,2,,8.0,-1.0,
522253,2,,6.0,-1.0,
522291,2,,-1.0,5.0,
522432,2,,9.0,-1.0,
523621,2,,0.0,-1.0,
525070,2,,3.0,-1.0,
526223,2,,1.0,-1.0,
526783,2,,-1.0,4.0,
527991,2,,-1.0,4.0,
528268,2,,-1.0,1.0,
528759,2,,2.0,-1.0,
528809,2,,-1.0,0.0,
530525,2,,9.0,-1.0,
531299,2,,-1.0,3.0,
531362,2,,8.0,-1.0,
531395,2,,-1.0,1.0,
531853,2,,3.0,-1.0,
532047,2,,-1.0,3.0,
532783,2,,3.0,-1.0,
533305,2,,-1.0,2.0,
533614,2,,-1.0,4.0,
533706,2,,4.0,-1.0,
533776,2,,9.0,-1.0,
535143,2,,-1.0,0.0,
535882,2,,-1.0,8.0,
536207,2,,2.0,-1.0,
536929,2,,-1.0,2.0,
536956,2,,-1.0,7.0,
538186,2,,-1.0,6.0,
538255,2,,1.0,-1.0,
538653,2,,-1.0,9.0,
540571,2,,-1.0,2.0,
540834,2,,-1.0,3.0,
541171,2,,-1.0,2.0,
541763,2,,2.0,-1.0,
542238,2,,7.0,-1.0,
543639,2,,7.0,-1.0,
543765,2,,5.0,-1.0,
544144,2,,-1.0,3.0,
544386,2,,-1.0,8.0,
544814,2,,-1.0,4.0,
545505,2,,4.0,-1.0,
545933,2,,-1.0,7.0,
546124,2,,3.0,-1.0,
546892,2,,-1.0,0.0,
547557,2,,0.0,-1.0,
547585,2,,-1.0,8.0,
547759,2,,-1.0,8.0,
549338,2,,6.0,-1.0,
549423,2,,-1.0,4.0,
549707,2,,-1.0,1.0,
550583,2,,-1.0,1.0,
550676,2,,2.0,-1.0,
551173,2,,-1.0,9.0,
551371,2,,5.0,-1.0,
551450,2,,-1.0,4.0,
552389,2,,-1.0,3.0,
553951,2,,3.0,-1.0,
554354,2,,4.0,-1.0,
554547,2,,-1.0,9.0,
555439,2,,6.0,-1.0,
555641,2,,-1.0,0.0,
556581,2,,8.0,-1.0,
556833,2,,7.0,-1.0,
557499,2,,4.0,-1.0,
557761,2,,-1.0,8.0,
557814,2,,-1.0,8.0,
557912,2,,7.0,-1.0,
558694,2,,-1.0,5.0,
559838,2,,0.0,-1.0,
560728,2,,-1.0,6.0,
561441,2,,2.0,-1.0,
561518,2,,5.0,-1.0,
562264,2,,-1.0,9.0,
564072,2,,-1.0,9.0,
564220,2,,6.0,-1.0,
564724,2,,-1.0,6.0,
565048,2,,-1.0,2.0,
566100,2,,8.0,-1.0,
566982,2,,2.0,-1.0,
568007,2,,-1.0,5.0,
568784,2,,-1.0,4.0,
569490,2,,-1.0,1.0,
569752,2,,-1.0,5.0,
569790,2,,5.0,-1.0,
569980,2,,1.0,-1.0,
570106,2,,-1.0,4.0,
571249,2,,-1.0,9.0,
571361,2,,8.0,-1.0,
572275,2,,-1.0,6.0,
572940,2,,2.0,-1.0,
573361,2,,-1.0,0.0,
574276,2,,5.0,-1.0,
574908,2,,-1.0,7.0,
574923,2,,-1.0,4.0,
574935,2,,-1.0,2.0,
575179,2,,8.0,-1.0,
575588,2,,-1.0,1.0,
575775,2,,-1.0,2.0,
576166,2,,-1.0,6.0,
576207,2,,-1.0,1.0,
576784,2,,1.0,-1.0,
577009,2,,7.0,-1.0,
577461,2,,-1.0,0.0,
577517,2,,-1.0,2.0,
577601,2,,5.0,-1.0,
577850,2,,-1.0,0.0,
578474,2,,-1.0,4.0,
578824,2,,6.0,-1.0,
579020,2,,-1.0,2.0,
580938,2,,7.0,-1.0,
581343,2,,5.0,-1.0,
581595,2,,-1.0,0.0,
582871,2,,0.0,-1.0,
583277,2,,4.0,-1.0,
584136,2,,-1.0,8.0,
584307,2,,-1.0,3.0,
584318,2,,9.0,-1.0,
585163,2,,-1.0,4.0,
585394,2,,7.0,-1.0,
585602,2,,9.0,-1.0,
587026,2,,-1.0,0.0,
587205,2,,-1.0,2.0,
588770,2,,9.0,-1.0,
589400,2,,7.0,-1.0,
589784,2,,8.0,-1.0,
589900,2,,1.0,-1.0,
590000,2,,4.0,-1.0,
590060,2,,-1.0,0.0,
590092,2,,6.0,-1.0,
591436,2,,5.0,-1.0,
591716,2,,8.0,-1.0,
591926,2,,-1.0,5.0,
592244,2,,-1.0,8.0,
593159,2,,-1.0,2.0,
593170,2,,-1.0,1.0,
594629,2,,-1.0,4.0,
594728,2,,-1.0,9.0,
594758,2,,5.0,-1.0,
594765,2,,8.0,-1.0,
595379,2,,-1.0,6.0,
595710,2,,-1.0,8.0,
595862,2,,7.0,-1.0,
596239,2,,6.0,-1.0,
596380,2,,8.0,-1.0,
596590,2,,-1.0,8.0,
597281,2,,-1.0,1.0,
598373,2,,8.0,-1.0,
599316,2,,-1.0,5.0,
600039,2,,-1.0,1.0,
600092,2,,1.0,-1.0,
600243,2,,-1.0,2.0,
600397,2,,8.0,-1.0,
600815,2,,1.0,-1.0,
601079,2,,-1.0,5.0,
601453,2,,-1.0,3.0,
601623,2,,0.0,-1.0,
601667,2,,-1.0,2.0,
601893,2,,-1.0,4.0,
602355,2,,-1.0,8.0,
602562,2,,0.0,-1.0,
603167,2,,9.0,-1.0,
603382,2,,3.0,-1.0,
603607,2,,4.0,-1.0,
603808,2,,7.0,-1.0,
604547,2,,-1.0,8.0,
604676,2,,6.0,-1.0,
604864,2,,-1.0,8.0,
604972,2,,5.0,-1.0,
606196,2,,-1.0,0.0,
606946,2,,1.0,-1.0,
608080,2,,-1.0,1.0,
608168,2,,1.0,-1.0,
609486,2,,8.0,-1.0,
611487,2,,-1.0,8.0,
612260,2,,-1.0,3.0,
613162,2,,-1.0,1.0,
613612,2,,-1.0,1.0,
614527,2,,-1.0,3.0,
617373,2,,-1.0,8.0,
617480,2,,-1.0,6.0,
617522,2,,-1.0,1.0,
618548,2,,4.0,-1.0,
619294,2,,5.0,-1.0,
620064,2,,-1.0,6.0,
620386,2,,0.0,-1.0,
621000,2,,5.0,-1.0,
621341,2,,4.0,-1.0,
621425,2,,1.0,-1.0,
622328,2,,1.0,-1.0,
623906,2,,-1.0,8.0,
624043,2,,9.0,-1.0,
624899,2,,6.0,-1.0,
625391,2,,-1.0,3.0,
626941,2,,2.0,-1.0,
627020,2,,-1.0,6.0,
628104,2,,-1.0,9.0,
629861,2,,-1.0,5.0,
630641,2,,-1.0,7.0,
631917,2,,7.0,-1.0,
631964,2,,-1.0,4.0,
632514,2,,5.0,-1.0,
633565,2,,-1.0,7.0,
634009,2,,0.0,-1.0,
634203,2,,-1.0,5.0,
634925,2,,-1.0,4.0,
635080,2,,9.0,-1.0,
635396,2,,1.0,-1.0,
636120,2,,-1.0,0.0,
636905,2,,8.0,-1.0,
637001,2,,1.0,-1.0,
638271,2,,-1.0,4.0,
639819,2,,-1.0,8.0,
639887,2,,-1.0,0.0,
641251,2,,-1.0,3.0,
642377,2,,-1.0,5.0,
644127,2,,1.0,-1.0,
644235,2,,-1.0,7.0,
644236,2,,-1.0,9.0,
645192,2,,7.0,-1.0,
645548,2,,6.0,-1.0,
646298,2,,3.0,-1.0,
646349,2,,1.0,-1.0,
647501,2,,-1.0,4.0,
648169,2,,8.0,-1.0,
648403,2,,-1.0,9.0,
648553,2,,-1.0,1.0,
649730,2,,8.0,-1.0,
649780,2,,2.0,-1.0,
650322,2,,0.0,-1.0,
650598,2,,1.0,-1.0,
650688,2,,7.0,-1.0,
650801,2,,-1.0,1.0,
651667,2,,5.0,-1.0,
652931,2,,5.0,-1.0,
653977,2,,7.0,-1.0,
654127,2,,2.0,-1.0,
655309,2,,-1.0,7.0,
656304,2,,2.0,-1.0,
656336,2,,-1.0,1.0,
656516,2,,1.0,-1.0,
656904,2,,-1.0,0.0,
658172,2,,-1.0,7.0,
658746,2,,-1.0,3.0,
659430,2,,9.0,-1.0,
659595,2,,1.0,-1.0,
659778,2,,0.0,-1.0,
660064,2,,1.0,-1.0,
660157,2,,-1.0,2.0,
661308,2,,8.0,-1.0,
661444,2,,9.0,-1.0,
661550,2,,9.0,-1.0,
662336,2,,9.0,-1.0,
662651,2,,4.0,-1.0,
663139,2,,-1.0,4.0,
663364,2,,-1.0,4.0,
663689,2,,6.0,-1.0,
664202,2,,-1.0,4.0,
665165,2,,0.0,-1.0,
666569,2,,-1.0,4.0,
667052,2,,6.0,-1.0,
667175,2,,7.0,-1.0,
667983,2,,3.0,-1.0,
668193,2,,-1.0,8.0,
668614,2,,-1.0,7.0,
669456,2,,9.0,-1.0,
672027,2,,-1.0,5.0,
672226,2,,-1.0,9.0,
672717,2,,7.0,-1.0,
674756,2,,3.0,-1.0,
674970,2,,-1.0,4.0,
675406,2,,9.0,-1.0,
675453,2,,8.0,-1.0,
675685,2,,1.0,-1.0,
676300,2,,2.0,-1.0,
677503,2,,-1.0,9.0,
677946,2,,-1.0,0.0,
680021,2,,1.0,-1.0,
680065,2,,-1.0,2.0,
680166,2,,7.0,-1.0,
680823,2,,-1.0,1.0,
681217,2,,6.0,-1.0,
681530,2,,-1.0,8.0,
682618,2,,-1.0,3.0,
683616,2,,-1.0,4.0,
684106,2,,-1.0,2.0,
685079,2,,7.0,-1.0,
685336,2,,6.0,-1.0,
685581,2,,9.0,-1.0,
685897,2,,5.0,-1.0,
687410,2,,7.0,-1.0,
687621,2,,-1.0,3.0,
688250,2,,-1.0,4.0,
688395,2,,-1.0,1.0,
688459,2,,-1.0,7.0,
688902,2,,4.0,-1.0,
689450,2,,2.0,-1.0,
689553,2,,-1.0,3.0,
690068,2,,-1.0,4.0,
690519,2,,5.0,-1.0,
690992,2,,-1.0,7.0,
692338,2,,8.0,-1.0,
694153,2,,6.0,-1.0,
694362,2,,-1.0,2.0,
694540,2,,-1.0,2.0,
695272,2,,8.0,-1.0,
695518,2,,0.0,-1.0,
696380,2,,-1.0,7.0,
697642,2,,-1.0,8.0,
699009,2,,-1.0,2.0,
699458,2,,3.0,-1.0,
700874,2,,9.0,-1.0,
701778,2,,-1.0,5.0,
701982,2,,-1.0,2.0,
704356,2,,-1.0,6.0,
704573,2,,-1.0,1.0,
704899,2,,-1.0,2.0,
705647,2,,2.0,-1.0,
706185,2,,-1.0,7.0,
706690,2,,-1.0,3.0,
706986,2,,6.0,-1.0,
707911,2,,0.0,-1.0,
709133,2,,7.0,-1.0,
709628,2,,-1.0,2.0,
710033,2,,2.0,-1.0,
710606,2,,2.0,-1.0,
711708,2,,2.0,-1.0,
712176,2,,-1.0,6.0,
712710,2,,6.0,-1.0,
712730,2,,-1.0,3.0,
713759,2,,2.0,-1.0,
714095,2,,-1.0,1.0,
715202,2,,-1.0,3.0,
715443,2,,0.0,-1.0,
716750,2,,-1.0,1.0,
718504,2,,-1.0,7.0,
718604,2,,-1.0,8.0,
718829,2,,-1.0,4.0,
719048,2,,-1.0,7.0,
719304,2,,-1.0,7.0,
720155,2,,5.0,-1.0,
720304,2,,-1.0,5.0,
720999,2,,-1.0,8.0,
721076,2,,-1.0,3.0,
721106,2,,3.0,-1.0,
723483,2,,-1.0,0.0,
724190,2,,5.0,-1.0,
724572,2,,1.0,-1.0,
724828,2,,9.0,-1.0,
724923,2,,6.0,-1.0,
725234,2,,-1.0,8.0,
726242,2,,-1.0,2.0,
726467,2,,-1.0,1.0,
726694,2,,7.0,-1.0,
727127,2,,9.0,-1.0,
727667,2,,3.0,-1.0,
727890,2,,-1.0,8.0,
727960,2,,-1.0,4.0,
728468,2,,-1.0,2.0,
729284,2,,-1.0,3.0,
731153,2,,5.0,-1.0,
731968,2,,7.0,-1.0,
732704,2,,-1.0,5.0,
733560,2,,7.0,-1.0,
734561,2,,-1.0,9.0,
736266,2,,-1.0,9.0,
736520,2,,-1.0,9.0,
737654,2,,5.0,-1.0,
738943,2,,6.0,-1.0,
739193,2,,2.0,-1.0,
739360,2,,-1.0,3.0,
742473,2,,4.0,-1.0,
743117,2,,-1.0,8.0,
743368,2,,-1.0,3.0,
743752,2,,-1.0,5.0,
743765,2,,-1.0,4.0,
743771,2,,-1.0,4.0,
743942,2,,2.0,-1.0,
746012,2,,-1.0,3.0,
746051,2,,1.0,-1.0,
746544,2,,9.0,-1.0,
747539,2,,5.0,-1.0,
747970,2,,3.0,-1.0,
748106,2,,-1.0,7.0,
748499,2,,9.0,-1.0,
750532,2,,-1.0,1.0,
750834,2,,-1.0,7.0,
751732,2,,0.0,-1.0,
751861,2,,9.0,-1.0,
753661,2,,-1.0,1.0,
754773,2,,-1.0,5.0,
755317,2,,-1.0,7.0,
757579,2,,-1.0,4.0,
760310,2,,-1.0,7.0,
761140,2,,-1.0,3.0,
761441,2,,-1.0,5.0,
761538,2,,1.0,-1.0,
763021,2,,-1.0,5.0,
763347,2,,-1.0,2.0,
764133,2,,2.0,-1.0,
764575,2,,4.0,-1.0,
764844,2,,-1.0,1.0,
765502,2,,7.0,-1.0,
765509,2,,-1.0,3.0,
765764,2,,-1.0,4.0,
766395,2,,6.0,-1.0,
768571,2,,-1.0,0.0,
769036,2,,-1.0,3.0,
770150,2,,4.0,-1.0,
770790,2,,6.0,-1.0,
770900,2,,-1.0,2.0,
770990,2,,8.0,-1.0,
771060,2,,5.0,-1.0,
771083,2,,8.0,-1.0,
774325,2,,-1.0,1.0,
774752,2,,-1.0,7.0,
775516,2,,-1.0,2.0,
775637,2,,5.0,-1.0,
776047,2,,6.0,-1.0,
776691,2,,4.0,-1.0,
777623,2,,-1.0,2.0,
780464,2,,5.0,-1.0,
781948,2,,8.0,-1.0,
783159,2,,-1.0,3.0,
783411,2,,5.0,-1.0,
783559,2,,3.0,-1.0,
784105,2,,-1.0,2.0,
786130,2,,-1.0,2.0,
786496,2,,-1.0,2.0,
786729,2,,1.0,-1.0,
787337,2,,1.0,-1.0,
789893,2,,2.0,-1.0,
790445,2,,-1.0,0.0,
791389,2,,4.0,-1.0,
791606,2,,-1.0,3.0,
791762,2,,3.0,-1.0,
791788,2,,5.0,-1.0,
792143,2,,3.0,-1.0,
792199,2,,1.0,-1.0,
793667,2,,2.0,-1.0,
794423,2,,5.0,-1.0,
795526,2,,-1.0,9.0,
796642,2,,2.0,-1.0,
796823,2,,-1.0,3.0,
798431,2,,4.0,-1.0,
799483,2,,-1.0,2.0,
799580,2,,8.0,-1.0,
800509,2,,-1.0,6.0,
801640,2,,-1.0,9.0,
801808,2,,3.0,-1.0,
801863,2,,-1.0,8.0,
802073,2,,4.0,-1.0,
802364,2,,2.0,-1.0,
803443,2,,4.0,-1.0,
803635,2,,-1.0,6.0,
803980,2,,4.0,-1.0,
804241,2,,-1.0,9.0,
804281,2,,-1.0,1.0,
804456,2,,9.0,-1.0,
804886,2,,-1.0,1.0,
805457,2,,6.0,-1.0,
805940,2,,5.0,-1.0,
806176,2,,-1.0,7.0,
807399,2,,-1.0,2.0,
808110,2,,-1.0,7.0,
808473,2,,-1.0,5.0,
808911,2,,-1.0,4.0,
809741,2,,7.0,-1.0,
810226,2,,-1.0,0.0,
810545,2,,-1.0,8.0,
810701,2,,-1.0,3.0,
813881,2,,5.0,-1.0,
815017,2,,6.0,-1.0,
816325,2,,0.0,-1.0,
816713,2,,2.0,-1.0,
817803,2,,-1.0,1.0,
818758,2,,8.0,-1.0,
818759,2,,-1.0,3.0,
819242,2,,-1.0,9.0,
820312,2,,2.0,-1.0,
820647,2,,-1.0,6.0,
820814,2,,-1.0,2.0,
821259,2,,-1.0,2.0,
821541,2,,7.0,-1.0,
822876,2,,-1.0,8.0,
824951,2,,-1.0,6.0,
826412,2,,9.0,-1.0,
827034,2,,-1.0,8.0,
828947,2,,0.0,-1.0,
829158,2,,-1.0,7.0,
829292,2,,4.0,-1.0,
830655,2,,6.0,-1.0,
830889,2,,-1.0,4.0,
831105,2,,-1.0,6.0,
831242,2,,3.0,-1.0,
831295,2,,5.0,-1.0,
832296,2,,1.0,-1.0,
832685,2,,2.0,-1.0,
833624,2,,-1.0,8.0,
835103,2,,3.0,-1.0,
835196,2,,-1.0,1.0,
837541,2,,-1.0,0.0,
837642,2,,-1.0,1.0,
837833,2,,-1.0,8.0,
839839,2,,4.0,-1.0,
839974,2,,-1.0,2.0,
841267,2,,-1.0,3.0,
842000,2,,9.0,-1.0,
842308,2,,0.0,-1.0,
842426,2,,-1.0,2.0,
842552,2,,-1.0,8.0,
844319,2,,-1.0,6.0,
845315,2,,4.0,-1.0,
845557,2,,6.0,-1.0,
845573,2,,5.0,-1.0,
845622,2,,9.0,-1.0,
845682,2,,-1.0,9.0,
846264,2,,3.0,-1.0,
846547,2,,1.0,-1.0,
846835,2,,-1.0,6.0,
848091,2,,3.0,-1.0,
849724,2,,7.0,-1.0,
849762,2,,-1.0,7.0,
850692,2,,-1.0,8.0,
851247,2,,-1.0,2.0,
851321,2,,1.0,-1.0,
851769,2,,2.0,-1.0,
851827,2,,-1.0,5.0,
852178,2,,4.0,-1.0,
853096,2,,-1.0,1.0,
853347,2,,3.0,-1.0,
854119,2,,-1.0,8.0,
856054,2,,3.0,-1.0,
856734,2,,-1.0,6.0,
858084,2,,-1.0,8.0,
858763,2,,-1.0,4.0,
858986,2,,-1.0,9.0,
859070,2,,0.0,-1.0,
859360,2,,7.0,-1.0,
861162,2,,6.0,-1.0,
861214,2,,6.0,-1.0,
862296,2,,-1.0,6.0,
862377,2,,-1.0,2.0,
862403,2,,8.0,-1.0,
862515,2,,3.0,-1.0,
862706,2,,2.0,-1.0,
862968,2,,9.0,-1.0,
863322,2,,-1.0,0.0,
863324,2,,8.0,-1.0,
863444,2,,2.0,-1.0,
863661,2,,-1.0,8.0,
863813,2,,9.0,-1.0,
864075,2,,5.0,-1.0,
864545,2,,-1.0,3.0,
865395,2,,0.0,-1.0,
868254,2,,-1.0,7.0,
868314,2,,-1.0,2.0,
868484,2,,7.0,-1.0,
868782,2,,0.0,-1.0,
871461,2,,6.0,-1.0,
873654,2,,-1.0,7.0,
874117,2,,-1.0,2.0,
874319,2,,4.0,-1.0,
874500,2,,1.0,-1.0,
874530,2,,2.0,-1.0,
874759,2,,-1.0,6.0,
874791,2,,-1.0,6.0,
875699,2,,5.0,-1.0,
876659,2,,-1.0,0.0,
876806,2,,2.0,-1.0,
876974,2,,-1.0,7.0,
877354,2,,0.0,-1.0,
877546,2,,3.0,-1.0,
877632,2,,-1.0,7.0,
877748,2,,6.0,-1.0,
878409,2,,9.0,-1.0,
879295,2,,0.0,-1.0,
879539,2,,0.0,-1.0,
879882,2,,-1.0,6.0,
880166,2,,2.0,-1.0,
880388,2,,-1.0,9.0,
881767,2,,1.0,-1.0,
882087,2,,-1.0,3.0,
882171,2,,-1.0,9.0,
882346,2,,6.0,-1.0,
882414,2,,5.0,-1.0,
882616,2,,-1.0,6.0,
882791,2,,-1.0,2.0,
882823,2,,-1.0,0.0,
884478,2,,-1.0,2.0,
884727,2,,6.0,-1.0,
885352,2,,6.0,-1.0,
886203,2,,1.0,-1.0,
886905,2,,4.0,-1.0,
887203,2,,-1.0,3.0,
889076,2,,-1.0,0.0,
889268,2,,-1.0,6.0,
889317,2,,-1.0,8.0,
890946,2,,-1.0,4.0,
891174,2,,6.0,-1.0,
891680,2,,5.0,-1.0,
892017,2,,8.0,-1.0,
892437,2,,-1.0,1.0,
892938,2,,-1.0,3.0,
893680,2,,-1.0,3.0,
893752,2,,3.0,-1.0,
896166,2,,3.0,-1.0,
897887,2,,0.0,-1.0,
898487,2,,1.0,-1.0,
898588,2,,-1.0,8.0,
898726,2,,-1.0,7.0,
899698,2,,8.0,-1.0,
900180,2,,-1.0,5.0,
900380,2,,-1.0,5.0,
900972,2,,-1.0,8.0,
901889,2,,8.0,-1.0,
902807,2,,-1.0,0.0,
903310,2,,4.0,-1.0,
903521,2,,8.0,-1.0,
903556,2,,-1.0,3.0,
903830,2,,9.0,-1.0,
904808,2,,-1.0,9.0,
905081,2,,5.0,-1.0,
905301,2,,0.0,-1.0,
905379,2,,2.0,-1.0,
910290,2,,-1.0,6.0,
910547,2,,5.0,-1.0,
910634,2,,-1.0,3.0,
912664,2,,4.0,-1.0,
912700,2,,-1.0,3.0,
913143,2,,-1.0,2.0,
913418,2,,-1.0,6.0,
914706,2,,-1.0,1.0,
915237,2,,8.0,-1.0,
915871,2,,1.0,-1.0,
916191,2,,1.0,-1.0,
916270,2,,5.0,-1.0,
916296,2,,-1.0,0.0,
916936,2,,6.0,-1.0,
917266,2,,5.0,-1.0,
920246,2,,2.0,-1.0,
921129,2,,-1.0,7.0,
921421,2,,-1.0,7.0,
921537,2,,-1.0,3.0,
923161,2,,-1.0,1.0,
923688,2,,-1.0,9.0,
924252,2,,-1.0,2.0,
924580,2,,7.0,-1.0,
925552,2,,-1.0,0.0,
926404,2,,-1.0,9.0,
926626,2,,4.0,-1.0,
927523,2,,1.0,-1.0,
927709,2,,-1.0,3.0,
928930,2,,-1.0,8.0,
930495,2,,-1.0,2.0,
930890,2,,-1.0,9.0,
931757,2,,-1.0,5.0,
932025,2,,9.0,-1.0,
932204,2,,-1.0,1.0,
932252,2,,-1.0,4.0,
932824,2,,9.0,-1.0,
933894,2,,-1.0,0.0,
934769,2,,7.0,-1.0,
934820,2,,-1.0,6.0,
934894,2,,6.0,-1.0,
934916,2,,3.0,-1.0,
935934,2,,-1.0,2.0,
937771,2,,7.0,-1.0,
937834,2,,4.0,-1.0,
938671,2,,8.0,-1.0,
939969,2,,-1.0,3.0,
940411,2,,4.0,-1.0,
940772,2,,0.0,-1.0,
940910,2,,-1.0,3.0,
941121,2,,6.0,-1.0,
942776,2,,6.0,-1.0,
943445,2,,3.0,-1.0,
943639,2,,-1.0,3.0,
944832,2,,5.0,-1.0,
946265,2,,5.0,-1.0,
947077,2,,3.0,-1.0,
947659,2,,-1.0,4.0,
948644,2,,-1.0,7.0,
948694,2,,-1.0,6.0,
950592,2,,2.0,-1.0,
950922,2,,3.0,-1.0,
952511,2,,-1.0,1.0,
954065,2,,4.0,-1.0,
954148,2,,3.0,-1.0,
954175,2,,-1.0,7.0,
955714,2,,2.0,-1.0,
956002,2,,-1.0,1.0,
956680,2,,9.0,-1.0,
956987,2,,6.0,-1.0,
957857,2,,-1.0,9.0,
958255,2,,-1.0,7.0,
958900,2,,-1.0,2.0,
959125,2,,9.0,-1.0,
960679,2,,7.0,-1.0,
962460,2,,2.0,-1.0,
963024,2,,-1.0,3.0,
964163,2,,9.0,-1.0,
964670,2,,5.0,-1.0,
965110,2,,-1.0,2.0,
965160,2,,8.0,-1.0,
966863,2,,7.0,-1.0,
967336,2,,-1.0,0.0,
967977,2,,-1.0,9.0,
969770,2,,0.0,-1.0,
969791,2,,2.0,-1.0,
970891,2,,-1.0,4.0,
973210,2,,9.0,-1.0,
973748,2,,-1.0,9.0,
974302,2,,-1.0,3.0,
974333,2,,2.0,-1.0,
974528,2,,-1.0,5.0,
975221,2,,-1.0,6.0,
976153,2,,4.0,-1.0,
977661,2,,-1.0,6.0,
978925,2,,0.0,-1.0,
979396,2,,-1.0,7.0,
979554,2,,5.0,-1.0,
980599,2,,9.0,-1.0,
980699,2,,-1.0,8.0,
981691,2,,-1.0,2.0,
981778,2,,1.0,-1.0,
982229,2,,-1.0,1.0,
982475,2,,-1.0,7.0,
982899,2,,0.0,-1.0,
983233,2,,-1.0,6.0,
984608,2,,-1.0,2.0,
984700,2,,8.0,-1.0,
986305,2,,-1.0,5.0,
986506,2,,5.0,-1.0,
986915,2,,-1.0,6.0,
987237,2,,2.0,-1.0,
988065,2,,-1.0,2.0,
988214,2,,-1.0,4.0,
988866,2,,4.0,-1.0,
988988,2,,-1.0,4.0,
989441,2,,-1.0,6.0,
989675,2,,-1.0,7.0,
989704,2,,-1.0,5.0,
989742,2,,-1.0,8.0,
990643,2,,6.0,-1.0,
990927,2,,-1.0,1.0,
991363,2,,-1.0,6.0,
992750,2,,5.0,-1.0,
993632,2,,7.0,-1.0,
994022,2,,-1.0,2.0,
994431,2,,1.0,-1.0,
995674,2,,-1.0,4.0,
996990,2,,-1.0,8.0,
997596,2,,-1.0,9.0,
997654,2,,1.0,-1.0,
997720,2,,5.0,-1.0,
997887,2,,-1.0,2.0,
997962,2,,-1.0,6.0,
998055,2,,-1.0,8.0,
998540,2,,-1.0,7.0,
999628,2,,-1.0,4.0,
999690,2,,2.0,-1.0,
999839,2,,4.0,-1.0,
1001159,2,,-1.0,3.0,
1001603,2,,-1.0,4.0,
1002432,2,,-1.0,0.0,
1002548,2,,9.0,-1.0,
1002682,2,,-1.0,7.0,
1003554,2,,7.0,-1.0,
1004388,2,,4.0,-1.0,
1005746,2,,3.0,-1.0,
1006284,2,,6.0,-1.0,
1007828,2,,-1.0,2.0,
1008804,2,,-1.0,4.0,
1009207,2,,-1.0,1.0,
1009685,2,,-1.0,7.0,
1010651,2,,1.0,-1.0,
1010720,2,,-1.0,9.0,
1010982,2,,3.0,-1.0,
1011603,2,,6.0,-1.0,
1012678,2,,6.0,-1.0,
1013932,2,,4.0,-1.0,
1014628,2,,-1.0,0.0,
1015070,2,,-1.0,2.0,
1016263,2,,-1.0,6.0,
1016615,2,,0.0,-1.0,
1017073,2,,1.0,-1.0,
1017760,2,,-1.0,3.0,
1018269,2,,6.0,-1.0,
1018548,2,,0.0,-1.0,
1018566,2,,1.0,-1.0,
1018956,2,,-1.0,8.0,
1019184,2,,9.0,-1.0,
1019796,2,,8.0,-1.0,
1020453,2,,-1.0,9.0,
1021179,2,,-1.0,7.0,
1387,3,,,,
1584,3,,,,
3053,3,,,,
5321,3,,,,
5546,3,,,,
5986,3,,,,
6012,3,,,,
7030,3,,,,
8325,3,,,,
8383,3,,,,
9653,3,,,,
10372,3,,,,
12358,3,,,,
12489,3,,,,
13020,3,,,,
15494,3,,,,
16710,3,,,,
17640,3,,,,
17818,3,,,,
18052,3,,,,
18960,3,,,,
19424,3,,,,
21835,3,,,,
24380,3,,,,
25206,3,,,,
26313,3,,,,
27059,3,,,,
27247,3,,,,
27514,3,,,,
27603,3,,,,
27808,3,,,,
28987,3,,,,
29156,3,,,,
29635,3,,,,
30036,3,,,,
30648,3,,,,
31387,3,,,,
33220,3,,,,
36770,3,,,,
36843,3,,,,
37201,3,,,,
38123,3,,,,
39648,3,,,,
39755,3,,,,
42175,3,,,,
43477,3,,,,
44355,3,,,,
44607,3,,,,
44634,3,,,,
45058,3,,,,
45573,3,,,,
46352,3,,,,
50004,3,,,,
50412,3,,,,
50699,3,,,,
51805,3,,,,
53390,3,,,,
53735,3,,,,
55917,3,,,,
55942,3,,,,
57316,3,,,,
58080,3,,,,
58531,3,,,,
58916,3,,,,
59046,3,,,,
59203,3,,,,
59884,3,,,,
59978,3,,,,
61070,3,,,,
61563,3,,,,
61734,3,,,,
62102,3,,,,
62214,3,,,,
63486,3,,,,
63586,3,,,,
64296,3,,,,
64390,3,,,,
65942,3,,,,
66577,3,,,,
67220,3,,,,
67606,3,,,,
67619,3,,,,
67666,3,,,,
68199,3,,,,
68455,3,,,,
69627,3,,,,
69796,3,,,,
72794,3,,,,
74804,3,,,,
75646,3,,,,
75820,3,,,,
76777,3,,,,
78152,3,,,,
78393,3,,,,
81386,3,,,,
81828,3,,,,
82633,3,,,,
82712,3,,,,
83515,3,,,,
84031,3,,,,
84075,3,,,,
85577,3,,,,
87511,3,,,,
89427,3,,,,
89721,3,,,,
90047,3,,,,
90475,3,,,,
92877,3,,,,
93234,3,,,,
94113,3,,,,
94871,3,,,,
94958,3,,,,
97650,3,,,,
98063,3,,,,
98848,3,,,,
99243,3,,,,
100328,3,,,,
100536,3,,,,
102929,3,,,,
103421,3,,,,
104842,3,,,,
105563,3,,,,
105578,3,,,,
105579,3,,,,
105650,3,,,,
106186,3,,,,
109261,3,,,,
110301,3,,,,
111805,3,,,,
112148,3,,,,
113848,3,,,,
113967,3,,,,
114136,3,,,,
115772,3,,,,
117361,3,,,,
117665,3,,,,
118569,3,,,,
118948,3,,,,
119639,3,,,,
119812,3,,,,
121603,3,,,,
123365,3,,,,
124126,3,,,,
126672,3,,,,
131756,3,,,,
132528,3,,,,
132652,3,,,,
133111,3,,,,
133816,3,,,,
135195,3,,,,
136221,3,,,,
136246,3,,,,
137098,3,,,,
137355,3,,,,
138484,3,,,,
139515,3,,,,
140559,3,,,,
140713,3,,,,
142314,3,,,,
143937,3,,,,
144606,3,,,,
145223,3,,,,
146146,3,,,,
146320,3,,,,
147515,3,,,,
149178,3,,,,
151044,3,,,,
154035,3,,,,
155785,3,,,,
155853,3,,,,
156026,3,,,,
156065,3,,,,
157794,3,,,,
157936,3,,,,
158313,3,,,,
159766,3,,,,
160582,3,,,,
161957,3,,,,
162256,3,,,,
162792,3,,,,
163080,3,,,,
163526,3,,,,
164660,3,,,,
165662,3,,,,
165961,3,,,,
165986,3,,,,
166618,3,,,,
167101,3,,,,
169649,3,,,,
171301,3,,,,
171487,3,,,,
172223,3,,,,
174059,3,,,,
174065,3,,,,
174220,3,,,,
175280,3,,,,
175472,3,,,,
177553,3,,,,
178024,3,,,,
178045,3,,,,
178518,3,,,,
178961,3,,,,
179198,3,,,,
179554,3,,,,
179917,3,,,,
180858,3,,,,
181176,3,,,,
182736,3,,,,
182871,3,,,,
184334,3,,,,
186045,3,,,,
186179,3,,,,
187686,3,,,,
187800,3,,,,
188822,3,,,,
188937,3,,,,
189389,3,,,,
190846,3,,,,
191360,3,,,,
191875,3,,,,
192571,3,,,,
193330,3,,,,
193481,3,,,,
194633,3,,,,
194709,3,,,,
194725,3,,,,
194784,3,,,,
195154,3,,,,
201607,3,,,,
201902,3,,,,
202775,3,,,,
203011,3,,,,
203299,3,,,,
204914,3,,,,
204957,3,,,,
205365,3,,,,
207938,3,,,,
208136,3,,,,
208335,3,,,,
209396,3,,,,
209581,3,,,,
210893,3,,,,
211152,3,,,,
211782,3,,,,
211906,3,,,,
212745,3,,,,
212872,3,,,,
213210,3,,,,
213941,3,,,,
214715,3,,,,
214957,3,,,,
216155,3,,,,
216448,3,,,,
216488,3,,,,
217107,3,,,,
218112,3,,,,
218223,3,,,,
219164,3,,,,
219638,3,,,,
221469,3,,,,
224309,3,,,,
225313,3,,,,
225998,3,,,,
226659,3,,,,
227008,3,,,,
228253,3,,,,
228480,3,,,,
230655,3,,,,
230678,3,,,,
231608,3,,,,
231725,3,,,,
231830,3,,,,
229074,3,,,,
233354,3,,,,
233885,3,,,,
224927,3,,,,
224873,3,,,,
236072,3,,,,
221834,3,,,,
236922,3,,,,
237301,3,,,,
237814,3,,,,
238303,3,,,,
238515,3,,,,
238764,3,,,,
238778,3,,,,
239076,3,,,,
239449,3,,,,
239538,3,,,,
218361,3,,,,
218329,3,,,,
217865,3,,,,
241626,3,,,,
217335,3,,,,
213533,3,,,,
210311,3,,,,
204537,3,,,,
201193,3,,,,
245559,3,,,,
246216,3,,,,
246613,3,,,,
247389,3,,,,
247673,3,,,,
247981,3,,,,
248385,3,,,,
198535,3,,,,
250764,3,,,,
251353,3,,,,
197999,3,,,,
197852,3,,,,
196313,3,,,,
190316,3,,,,
185024,3,,,,
255022,3,,,,
255263,3,,,,
183425,3,,,,
180402,3,,,,
258517,3,,,,
180111,3,,,,
177114,3,,,,
171047,3,,,,
260265,3,,,,
261425,3,,,,
262007,3,,,,
170454,3,,,,
170400,3,,,,
264291,3,,,,
264679,3,,,,
170362,3,,,,
265654,3,,,,
266329,3,,,,
267041,3,,,,
267677,3,,,,
168137,3,,,,
161276,3,,,,
270024,3,,,,
270037,3,,,,
270252,3,,,,
270995,3,,,,
160277,3,,,,
155085,3,,,,
154652,3,,,,
271639,3,,,,
272193,3,,,,
272490,3,,,,
152974,3,,,,
273526,3,,,,
274487,3,,,,
274700,3,,,,
152759,3,,,,
151310,3,,,,
150446,3,,,,
142086,3,,,,
278103,3,,,,
278216,3,,,,
141953,3,,,,
136880,3,,,,
279445,3,,,,
280378,3,,,,
280535,3,,,,
280754,3,,,,
136867,3,,,,
281968,3,,,,
127810,3,,,,
127180,3,,,,
127025,3,,,,
286221,3,,,,
286967,3,,,,
287049,3,,,,
287266,3,,,,
124406,3,,,,
121941,3,,,,
113313,3,,,,
110896,3,,,,
104550,3,,,,
289642,3,,,,
291980,3,,,,
292527,3,,,,
293815,3,,,,
294841,3,,,,
296817,3,,,,
296851,3,,,,
298280,3,,,,
298960,3,,,,
299498,3,,,,
299583,3,,,,
299749,3,,,,
299880,3,,,,
302196,3,,,,
302369,3,,,,
302867,3,,,,
303654,3,,,,
303823,3,,,,
95674,3,,,,
95451,3,,,,
304273,3,,,,
304915,3,,,,
92508,3,,,,
308156,3,,,,
309264,3,,,,
309273,3,,,,
311112,3,,,,
85957,3,,,,
84748,3,,,,
83025,3,,,,
82978,3,,,,
313301,3,,,,
313576,3,,,,
82267,3,,,,
80434,3,,,,
314171,3,,,,
314329,3,,,,
315198,3,,,,
315300,3,,,,
315343,3,,,,
315467,3,,,,
79834,3,,,,
79162,3,,,,
317058,3,,,,
317167,3,,,,
317970,3,,,,
79003,3,,,,
75327,3,,,,
73735,3,,,,
320437,3,,,,
73699,3,,,,
71725,3,,,,
69107,3,,,,
321868,3,,,,
321925,3,,,,
322821,3,,,,
68842,3,,,,
65177,3,,,,
64653,3,,,,
64546,3,,,,
326350,3,,,,
328376,3,,,,
329045,3,,,,
329306,3,,,,
63984,3,,,,
55670,3,,,,
55616,3,,,,
55533,3,,,,
333026,3,,,,
333854,3,,,,
334224,3,,,,
334338,3,,,,
335220,3,,,,
336446,3,,,,
336899,3,,,,
55031,3,,,,
337963,3,,,,
338839,3,,,,
340384,3,,,,
340798,3,,,,
341424,3,,,,
341877,3,,,,
54611,3,,,,
344513,3,,,,
49037,3,,,,
347003,3,,,,
347854,3,,,,
348120,3,,,,
348380,3,,,,
47268,3,,,,
46941,3,,,,
41302,3,,,,
351415,3,,,,
40188,3,,,,
35526,3,,,,
354753,3,,,,
354989,3,,,,
357035,3,,,,
357238,3,,,,
357883,3,,,,
360351,3,,,,
360472,3,,,,
360778,3,,,,
361103,3,,,,
361680,3,,,,
361736,3,,,,
361945,3,,,,
362321,3,,,,
35520,3,,,,
34833,3,,,,
363621,3,,,,
365019,3,,,,
365379,3,,,,
34611,3,,,,
34536,3,,,,
366268,3,,,,
366764,3,,,,
33795,3,,,,
33775,3,,,,
367920,3,,,,
14428,3,,,,
13643,3,,,,
12103,3,,,,
6431,3,,,,
372435,3,,,,
372605,3,,,,
373087,3,,,,
373579,3,,,,
6386,3,,,,
375395,3,,,,
375470,3,,,,
376438,3,,,,
376846,3,,,,
377030,3,,,,
377928,3,,,,
3462,3,,,,
380982,3,,,,
2245,3,,,,
382735,3,,,,
382780,3,,,,
232499,3,,,,
231168,3,,,,
234640,3,,,,
235764,3,,,,
236371,3,,,,
386430,3,,,,
386773,3,,,,
387050,3,,,,
387871,3,,,,
388159,3,,,,
388296,3,,,,
388894,3,,,,
240149,3,,,,
240226,3,,,,
390101,3,,,,
390179,3,,,,
390269,3,,,,
241081,3,,,,
392049,3,,,,
392136,3,,,,
393391,3,,,,
396134,3,,,,
396165,3,,,,
396338,3,,,,
397609,3,,,,
397844,3,,,,
398222,3,,,,
399334,3,,,,
399557,3,,,,
400071,3,,,,
401497,3,,,,
401579,3,,,,
402323,3,,,,
402874,3,,,,
403014,3,,,,
405726,3,,,,
406132,3,,,,
242215,3,,,,
408409,3,,,,
243164,3,,,,
244240,3,,,,
244551,3,,,,
244658,3,,,,
412284,3,,,,
412700,3,,,,
412894,3,,,,
412996,3,,,,
413155,3,,,,
413243,3,,,,
413687,3,,,,
414632,3,,,,
414649,3,,,,
414828,3,,,,
415485,3,,,,
415693,3,,,,
415867,3,,,,
415934,3,,,,
416250,3,,,,
418017,3,,,,
250507,3,,,,
251519,3,,,,
419787,3,,,,
419875,3,,,,
251692,3,,,,
421732,3,,,,
422143,3,,,,
422299,3,,,,
422339,3,,,,
422496,3,,,,
252472,3,,,,
424268,3,,,,
426074,3,,,,
427541,3,,,,
428016,3,,,,
428678,3,,,,
429194,3,,,,
252580,3,,,,
430517,3,,,,
253927,3,,,,
431199,3,,,,
432957,3,,,,
433507,3,,,,
433604,3,,,,
433799,3,,,,
434350,3,,,,
434583,3,,,,
435022,3,,,,
435766,3,,,,
436293,3,,,,
436482,3,,,,
437456,3,,,,
438455,3,,,,
439103,3,,,,
441757,3,,,,
443379,3,,,,
443537,3,,,,
444282,3,,,,
445144,3,,,,
445538,3,,,,
257578,3,,,,
446504,3,,,,
446517,3,,,,
446841,3,,,,
446874,3,,,,
446953,3,,,,
258037,3,,,,
448054,3,,,,
448130,3,,,,
448203,3,,,,
449769,3,,,,
450657,3,,,,
450875,3,,,,
258965,3,,,,
259070,3,,,,
451463,3,,,,
259659,3,,,,
452546,3,,,,
453015,3,,,,
453577,3,,,,
453610,3,,,,
453651,3,,,,
454244,3,,,,
262764,3,,,,
455563,3,,,,
456589,3,,,,
457120,3,,,,
457282,3,,,,
457735,3,,,,
457952,3,,,,
263110,3,,,,
459299,3,,,,
459418,3,,,,
460757,3,,,,
264908,3,,,,
462044,3,,,,
463348,3,,,,
463520,3,,,,
463769,3,,,,
466039,3,,,,
467998,3,,,,
469157,3,,,,
470310,3,,,,
470460,3,,,,
470695,3,,,,
470776,3,,,,
472098,3,,,,
472956,3,,,,
473369,3,,,,
267922,3,,,,
475096,3,,,,
476694,3,,,,
478106,3,,,,
478431,3,,,,
478959,3,,,,
269782,3,,,,
271300,3,,,,
271305,3,,,,
480420,3,,,,
480703,3,,,,
481143,3,,,,
481843,3,,,,
482268,3,,,,
483078,3,,,,
483237,3,,,,
483857,3,,,,
484037,3,,,,
484215,3,,,,
484550,3,,,,
271379,3,,,,
272795,3,,,,
485189,3,,,,
485610,3,,,,
485660,3,,,,
486547,3,,,,
487160,3,,,,
275504,3,,,,
488985,3,,,,
492594,3,,,,
277286,3,,,,
494519,3,,,,
494601,3,,,,
495170,3,,,,
495910,3,,,,
495941,3,,,,
496039,3,,,,
496484,3,,,,
496637,3,,,,
497074,3,,,,
497202,3,,,,
497354,3,,,,
497657,3,,,,
498016,3,,,,
498019,3,,,,
498181,3,,,,
277396,3,,,,
498849,3,,,,
500184,3,,,,
277530,3,,,,
502528,3,,,,
503545,3,,,,
278625,3,,,,
505447,3,,,,
505680,3,,,,
506820,3,,,,
506991,3,,,,
507206,3,,,,
279060,3,,,,
281698,3,,,,
284143,3,,,,
285558,3,,,,
509689,3,,,,
509823,3,,,,
509838,3,,,,
510392,3,,,,
510403,3,,,,
511538,3,,,,
513242,3,,,,
513711,3,,,,
514398,3,,,,
514411,3,,,,
285827,3,,,,
515624,3,,,,
516254,3,,,,
516490,3,,,,
517502,3,,,,
518619,3,,,,
519232,3,,,,
520077,3,,,,
287683,3,,,,
288150,3,,,,
521516,3,,,,
524996,3,,,,
288434,3,,,,
526559,3,,,,
288486,3,,,,
289323,3,,,,
304035,3,,,,
304041,3,,,,
305135,3,,,,
528815,3,,,,
528930,3,,,,
311343,3,,,,
530015,3,,,,
530211,3,,,,
312872,3,,,,
531240,3,,,,
534986,3,,,,
536028,3,,,,
537142,3,,,,
537213,3,,,,
537257,3,,,,
312885,3,,,,
537910,3,,,,
538070,3,,,,
312923,3,,,,
313618,3,,,,
540191,3,,,,
541073,3,,,,
541965,3,,,,
542253,3,,,,
313736,3,,,,
315613,3,,,,
315939,3,,,,
543795,3,,,,
543976,3,,,,
544236,3,,,,
544759,3,,,,
546752,3,,,,
547371,3,,,,
547386,3,,,,
547689,3,,,,
547720,3,,,,
549312,3,,,,
549461,3,,,,
550233,3,,,,
550457,3,,,,
550463,3,,,,
552238,3,,,,
318377,3,,,,
318574,3,,,,
553004,3,,,,
554340,3,,,,
554517,3,,,,
318581,3,,,,
321028,3,,,,
555618,3,,,,
321371,3,,,,
321548,3,,,,
556701,3,,,,
557337,3,,,,
557352,3,,,,
557579,3,,,,
323061,3,,,,
323172,3,,,,
558580,3,,,,
558691,3,,,,
558711,3,,,,
560037,3,,,,
323426,3,,,,
324407,3,,,,
561491,3,,,,
331865,3,,,,
332003,3,,,,
564502,3,,,,
564721,3,,,,
332292,3,,,,
332729,3,,,,
565703,3,,,,
566643,3,,,,
566916,3,,,,
569487,3,,,,
569709,3,,,,
570040,3,,,,
570732,3,,,,
571009,3,,,,
571179,3,,,,
572382,3,,,,
573146,3,,,,
575438,3,,,,
575784,3,,,,
337515,3,,,,
342897,3,,,,
345239,3,,,,
577100,3,,,,
578033,3,,,,
578673,3,,,,
349692,3,,,,
350164,3,,,,
580388,3,,,,
581641,3,,,,
583054,3,,,,
583141,3,,,,
583196,3,,,,
583391,3,,,,
585299,3,,,,
585418,3,,,,
585495,3,,,,
350561,3,,,,
353252,3,,,,
353837,3,,,,
589431,3,,,,
591269,3,,,,
591641,3,,,,
593179,3,,,,
593194,3,,,,
596439,3,,,,
362422,3,,,,
597258,3,,,,
597367,3,,,,
362779,3,,,,
598537,3,,,,
598562,3,,,,
365657,3,,,,
600306,3,,,,
600430,3,,,,
602222,3,,,,
602255,3,,,,
602298,3,,,,
603245,3,,,,
603853,3,,,,
604153,3,,,,
365843,3,,,,
367473,3,,,,
367492,3,,,,
607855,3,,,,
607989,3,,,,
608102,3,,,,
368790,3,,,,
608975,3,,,,
609265,3,,,,
609693,3,,,,
369632,3,,,,
610592,3,,,,
613243,3,,,,
614336,3,,,,
614531,3,,,,
614834,3,,,,
615007,3,,,,
371236,3,,,,
372014,3,,,,
617412,3,,,,
618002,3,,,,
618956,3,,,,
620424,3,,,,
620461,3,,,,
375074,3,,,,
622340,3,,,,
623778,3,,,,
624021,3,,,,
624078,3,,,,
624359,3,,,,
624535,3,,,,
625564,3,,,,
625673,3,,,,
383325,3,,,,
383788,3,,,,
384292,3,,,,
384566,3,,,,
389385,3,,,,
630586,3,,,,
632053,3,,,,
632156,3,,,,
632266,3,,,,
389571,3,,,,
634473,3,,,,
634689,3,,,,
634744,3,,,,
635659,3,,,,
635824,3,,,,
636442,3,,,,
636515,3,,,,
637076,3,,,,
637283,3,,,,
638345,3,,,,
638453,3,,,,
641955,3,,,,
642107,3,,,,
642369,3,,,,
391324,3,,,,
407973,3,,,,
409351,3,,,,
409423,3,,,,
643572,3,,,,
645663,3,,,,
645709,3,,,,
646535,3,,,,
409973,3,,,,
411103,3,,,,
650330,3,,,,
650436,3,,,,
650445,3,,,,
419620,3,,,,
651618,3,,,,
419655,3,,,,
421245,3,,,,
422994,3,,,,
430275,3,,,,
655835,3,,,,
656626,3,,,,
656780,3,,,,
656816,3,,,,
430813,3,,,,
446265,3,,,,
658653,3,,,,
658692,3,,,,
659437,3,,,,
660171,3,,,,
660844,3,,,,
661636,3,,,,
661868,3,,,,
447713,3,,,,
667199,3,,,,
668177,3,,,,
668913,3,,,,
451370,3,,,,
451421,3,,,,
670323,3,,,,
670578,3,,,,
671991,3,,,,
672924,3,,,,
673486,3,,,,
451869,3,,,,
454799,3,,,,
677488,3,,,,
458424,3,,,,
461166,3,,,,
681214,3,,,,
681324,3,,,,
681847,3,,,,
682126,3,,,,
682294,3,,,,
474582,3,,,,
683482,3,,,,
683500,3,,,,
684082,3,,,,
479169,3,,,,
685387,3,,,,
686657,3,,,,
686849,3,,,,
686880,3,,,,
687485,3,,,,
687690,3,,,,
688378,3,,,,
479269,3,,,,
689018,3,,,,
479705,3,,,,
690143,3,,,,
690183,3,,,,
691768,3,,,,
691892,3,,,,
692004,3,,,,
692364,3,,,,
484623,3,,,,
484702,3,,,,
488284,3,,,,
694452,3,,,,
695394,3,,,,
695815,3,,,,
696611,3,,,,
492939,3,,,,
498393,3,,,,
500881,3,,,,
504078,3,,,,
507309,3,,,,
507389,3,,,,
698869,3,,,,
700739,3,,,,
701887,3,,,,
508902,3,,,,
704117,3,,,,
704924,3,,,,
705488,3,,,,
705601,3,,,,
705626,3,,,,
706379,3,,,,
706413,3,,,,
706757,3,,,,
706812,3,,,,
509187,3,,,,
707827,3,,,,
515289,3,,,,
708441,3,,,,
708594,3,,,,
709044,3,,,,
520689,3,,,,
521076,3,,,,
525247,3,,,,
712088,3,,,,
526848,3,,,,
526949,3,,,,
712944,3,,,,
713618,3,,,,
713971,3,,,,
714219,3,,,,
715340,3,,,,
715886,3,,,,
716273,3,,,,
716558,3,,,,
716591,3,,,,
717141,3,,,,
527259,3,,,,
718551,3,,,,
718923,3,,,,
719496,3,,,,
719591,3,,,,
720209,3,,,,
720569,3,,,,
720953,3,,,,
527330,3,,,,
527331,3,,,,
529516,3,,,,
530877,3,,,,
722739,3,,,,
723390,3,,,,
724093,3,,,,
724101,3,,,,
724270,3,,,,
724359,3,,,,
724616,3,,,,
724667,3,,,,
725402,3,,,,
725542,3,,,,
537685,3,,,,
726345,3,,,,
727487,3,,,,
728255,3,,,,
728284,3,,,,
728491,3,,,,
539309,3,,,,
730308,3,,,,
732029,3,,,,
732610,3,,,,
539439,3,,,,
542964,3,,,,
543020,3,,,,
734742,3,,,,
543191,3,,,,
552601,3,,,,
737743,3,,,,
737775,3,,,,
738436,3,,,,
738851,3,,,,
739200,3,,,,
740897,3,,,,
741123,3,,,,
741129,3,,,,
741506,3,,,,
742402,3,,,,
742706,3,,,,
742786,3,,,,
742924,3,,,,
744032,3,,,,
744074,3,,,,
744559,3,,,,
744651,3,,,,
744677,3,,,,
552862,3,,,,
555086,3,,,,
555234,3,,,,
555865,3,,,,
556013,3,,,,
558100,3,,,,
558177,3,,,,
560864,3,,,,
746230,3,,,,
746420,3,,,,
747406,3,,,,
747752,3,,,,
747871,3,,,,
748260,3,,,,
561115,3,,,,
563628,3,,,,
749877,3,,,,
750164,3,,,,
750299,3,,,,
751564,3,,,,
751769,3,,,,
754722,3,,,,
563715,3,,,,
755886,3,,,,
756203,3,,,,
756543,3,,,,
756783,3,,,,
565113,3,,,,
757274,3,,,,
565146,3,,,,
576403,3,,,,
576475,3,,,,
576673,3,,,,
759988,3,,,,
760773,3,,,,
761595,3,,,,
761897,3,,,,
579297,3,,,,
579298,3,,,,
766520,3,,,,
769679,3,,,,
770103,3,,,,
771119,3,,,,
586222,3,,,,
587587,3,,,,
774082,3,,,,
774837,3,,,,
774942,3,,,,
775264,3,,,,
775735,3,,,,
777199,3,,,,
777224,3,,,,
589028,3,,,,
597107,3,,,,
597739,3,,,,
598780,3,,,,
605677,3,,,,
606786,3,,,,
607264,3,,,,
783229,3,,,,
784704,3,,,,
784776,3,,,,
608646,3,,,,
610028,3,,,,
616641,3,,,,
786306,3,,,,
616971,3,,,,
789628,3,,,,
790216,3,,,,
791930,3,,,,
792318,3,,,,
620707,3,,,,
793560,3,,,,
379966,3,,,,
381858,3,,,,
794659,3,,,,
795678,3,,,,
796637,3,,,,
797512,3,,,,
798650,3,,,,
799015,3,,,,
799425,3,,,,
799561,3,,,,
799631,3,,,,
800458,3,,,,
801940,3,,,,
383265,3,,,,
804230,3,,,,
804476,3,,,,
804804,3,,,,
805094,3,,,,
805160,3,,,,
805720,3,,,,
806001,3,,,,
627153,3,,,,
808266,3,,,,
809514,3,,,,
809577,3,,,,
809782,3,,,,
809786,3,,,,
810886,3,,,,
811219,3,,,,
627888,3,,,,
813040,3,,,,
813898,3,,,,
814053,3,,,,
815237,3,,,,
628413,3,,,,
629477,3,,,,
816594,3,,,,
817158,3,,,,
632649,3,,,,
817718,3,,,,
817766,3,,,,
817888,3,,,,
642680,3,,,,
818957,3,,,,
819031,3,,,,
819201,3,,,,
820124,3,,,,
820652,3,,,,
820754,3,,,,
642700,3,,,,
642940,3,,,,
822781,3,,,,
643519,3,,,,
828025,3,,,,
828163,3,,,,
828987,3,,,,
649381,3,,,,
831203,3,,,,
832232,3,,,,
832240,3,,,,
649407,3,,,,
651098,3,,,,
653334,3,,,,
836062,3,,,,
653681,3,,,,
654927,3,,,,
837406,3,,,,
655049,3,,,,
839281,3,,,,
840491,3,,,,
841745,3,,,,
842033,3,,,,
842282,3,,,,
657348,3,,,,
844385,3,,,,
844925,3,,,,
845104,3,,,,
845403,3,,,,
845765,3,,,,
845839,3,,,,
846324,3,,,,
846770,3,,,,
657431,3,,,,
847715,3,,,,
848031,3,,,,
848110,3,,,,
848520,3,,,,
848697,3,,,,
665519,3,,,,
851973,3,,,,
852304,3,,,,
853212,3,,,,
854192,3,,,,
856237,3,,,,
857583,3,,,,
857825,3,,,,
858044,3,,,,
858158,3,,,,
858302,3,,,,
858880,3,,,,
859394,3,,,,
859487,3,,,,
669075,3,,,,
669276,3,,,,
673812,3,,,,
674071,3,,,,
860755,3,,,,
861055,3,,,,
861070,3,,,,
861091,3,,,,
861173,3,,,,
861454,3,,,,
862468,3,,,,
862509,3,,,,
863909,3,,,,
677756,3,,,,
678669,3,,,,
683239,3,,,,
684542,3,,,,
688582,3,,,,
868457,3,,,,
868625,3,,,,
869330,3,,,,
689910,3,,,,
870212,3,,,,
870405,3,,,,
870453,3,,,,
692949,3,,,,
871558,3,,,,
692977,3,,,,
874171,3,,,,
874612,3,,,,
875324,3,,,,
876340,3,,,,
876955,3,,,,
877436,3,,,,
878170,3,,,,
878183,3,,,,
879544,3,,,,
879774,3,,,,
880060,3,,,,
880207,3,,,,
880318,3,,,,
881583,3,,,,
693810,3,,,,
697109,3,,,,
697359,3,,,,
697465,3,,,,
885314,3,,,,
885788,3,,,,
887034,3,,,,
887511,3,,,,
697860,3,,,,
697880,3,,,,
889241,3,,,,
697977,3,,,,
890857,3,,,,
891520,3,,,,
891990,3,,,,
892907,3,,,,
703925,3,,,,
893682,3,,,,
894007,3,,,,
894177,3,,,,
707476,3,,,,
895605,3,,,,
896861,3,,,,
708296,3,,,,
898612,3,,,,
899278,3,,,,
900197,3,,,,
710984,3,,,,
901105,3,,,,
711129,3,,,,
902693,3,,,,
903736,3,,,,
903789,3,,,,
906099,3,,,,
906466,3,,,,
906522,3,,,,
907778,3,,,,
907857,3,,,,
907928,3,,,,
908400,3,,,,
711148,3,,,,
712441,3,,,,
910561,3,,,,
712593,3,,,,
717910,3,,,,
721304,3,,,,
721709,3,,,,
911932,3,,,,
721851,3,,,,
912827,3,,,,
913053,3,,,,
913082,3,,,,
913658,3,,,,
914022,3,,,,
914590,3,,,,
914617,3,,,,
914808,3,,,,
914856,3,,,,
721935,3,,,,
916213,3,,,,
916391,3,,,,
916654,3,,,,
917377,3,,,,
725601,3,,,,
921109,3,,,,
922335,3,,,,
729511,3,,,,
733900,3,,,,
923829,3,,,,
924267,3,,,,
924350,3,,,,
734019,3,,,,
734266,3,,,,
735955,3,,,,
736842,3,,,,
929437,3,,,,
929525,3,,,,
929562,3,,,,
744732,3,,,,
931095,3,,,,
931979,3,,,,
932286,3,,,,
933150,3,,,,
935550,3,,,,
744755,3,,,,
937877,3,,,,
744811,3,,,,
940692,3,,,,
941280,3,,,,
942271,3,,,,
942654,3,,,,
943132,3,,,,
744912,3,,,,
745007,3,,,,
745341,3,,,,
745368,3,,,,
745422,3,,,,
945897,3,,,,
946128,3,,,,
947036,3,,,,
947381,3,,,,
947453,3,,,,
947923,3,,,,
948702,3,,,,
948946,3,,,,
949524,3,,,,
748836,3,,,,
749711,3,,,,
952391,3,,,,
952415,3,,,,
952706,3,,,,
953201,3,,,,
755197,3,,,,
954359,3,,,,
954504,3,,,,
954823,3,,,,
955673,3,,,,
956635,3,,,,
958274,3,,,,
756965,3,,,,
758927,3,,,,
759572,3,,,,
962683,3,,,,
963157,3,,,,
759715,3,,,,
759736,3,,,,
964013,3,,,,
964681,3,,,,
964906,3,,,,
965424,3,,,,
965844,3,,,,
966404,3,,,,
762229,3,,,,
762518,3,,,,
968849,3,,,,
771295,3,,,,
969688,3,,,,
969926,3,,,,
972032,3,,,,
973471,3,,,,
973534,3,,,,
973678,3,,,,
973719,3,,,,
974561,3,,,,
974673,3,,,,
975065,3,,,,
975541,3,,,,
976413,3,,,,
771522,3,,,,
778608,3,,,,
978831,3,,,,
979026,3,,,,
981456,3,,,,
981457,3,,,,
982407,3,,,,
779041,3,,,,
779343,3,,,,
982943,3,,,,
983312,3,,,,
984307,3,,,,
984410,3,,,,
985245,3,,,,
985268,3,,,,
780151,3,,,,
987079,3,,,,
987711,3,,,,
987743,3,,,,
987954,3,,,,
988088,3,,,,
990410,3,,,,
990463,3,,,,
990517,3,,,,
991463,3,,,,
991483,3,,,,
992172,3,,,,
992254,3,,,,
993610,3,,,,
994443,3,,,,
994467,3,,,,
780923,3,,,,
781225,3,,,,
997351,3,,,,
997649,3,,,,
997918,3,,,,
998822,3,,,,
781226,3,,,,
999471,3,,,,
999599,3,,,,
999608,3,,,,
784980,3,,,,
785037,3,,,,
1001779,3,,,,
1002114,3,,,,
1002512,3,,,,
1003240,3,,,,
1004257,3,,,,
785738,3,,,,
787758,3,,,,
793056,3,,,,
1006423,3,,,,
1006438,3,,,,
626161,3,,,,
812125,3,,,,
1007973,3,,,,
1008515,3,,,,
1009061,3,,,,
1009268,3,,,,
1009370,3,,,,
1009426,3,,,,
815841,3,,,,
1010963,3,,,,
1011767,3,,,,
816105,3,,,,
1012879,3,,,,
1013528,3,,,,
1014343,3,,,,
1014650,3,,,,
817480,3,,,,
818373,3,,,,
822133,3,,,,
1019080,3,,,,
1019491,3,,,,
822311,3,,,,
1021182,3,,,,
1021328,3,,,,
824383,3,,,,
829571,3,,,,
832990,3,,,,
833039,3,,,,
835343,3,,,,
836916,3,,,,
837197,3,,,,
838541,3,,,,
844170,3,,,,
847268,3,,,,
849452,3,,,,
859653,3,,,,
859656,3,,,,
859878,3,,,,
860285,3,,,,
865765,3,,,,
865786,3,,,,
866300,3,,,,
867111,3,,,,
867590,3,,,,
869657,3,,,,
871165,3,,,,
872936,3,,,,
883201,3,,,,
883463,3,,,,
883638,3,,,,
885054,3,,,,
887672,3,,,,
888344,3,,,,
889960,3,,,,
893313,3,,,,
894818,3,,,,
897481,3,,,,
900781,3,,,,
901360,3,,,,
908973,3,,,,
909666,3,,,,
910967,3,,,,
911351,3,,,,
911365,3,,,,
911588,3,,,,
912313,3,,,,
915482,3,,,,
919298,3,,,,
922496,3,,,,
923353,3,,,,
924883,3,,,,
925094,3,,,,
928295,3,,,,
928565,3,,,,
929997,3,,,,
936415,3,,,,
939436,3,,,,
945075,3,,,,
945234,3,,,,
945254,3,,,,
945656,3,,,,
945696,3,,,,
951813,3,,,,
951860,3,,,,
953758,3,,,,
958426,3,,,,
960242,3,,,,
961543,3,,,,
963515,3,,,,
963534,3,,,,
967143,3,,,,
968213,3,,,,
969542,3,,,,
976892,3,,,,
978267,3,,,,
982553,3,,,,
982850,3,,,,
985856,3,,,,
996416,3,,,,
996441,3,,,,
999083,3,,,,
1000382,3,,,,
1000701,3,,,,
1004467,3,,,,
1004995,3,,,,
794141,3,,,,
794234,3,,,,
803002,3,,,,
806505,3,,,,
1009891,3,,,,
1012359,3,,,,
1015418,3,,,,
1015474,3,,,,
1015542,3,,,,
1005358,3,,,,
1006820,3,,,,
1006913,3,,,,
1020147,3,,,,
1021749,3,,,,
